date,t,asset,side,qty,price,notional,fee_paid,cash_change,reason,signal_score
2016-09-12,1,btc,buy,1.6402316007020192,609.67,1000.0,20.0,-1020.0,buy_reversion,63.78684444444464
2016-09-17,6,gold,buy,0.0,1308.35,0.0,0.0,0.0,blocked_by_calendar,0.0
2016-09-18,7,gold,buy,0.0,1308.35,0.0,0.0,0.0,blocked_by_calendar,0.0
2016-10-01,20,gold,buy,0.0,1322.5,0.0,0.0,0.0,blocked_by_calendar,0.0
2016-10-08,27,gold,buy,0.0,1258.75,0.0,0.0,0.0,blocked_by_calendar,0.0
2016-10-09,28,gold,buy,0.0,1258.75,0.0,0.0,0.0,blocked_by_calendar,0.0
2016-10-12,31,btc,sell,1.6402316007020192,635.01,1041.5634687617892,20.831269375235784,1020.7321993865534,sell_signal,0.44640000000003965
2016-10-12,31,gold,buy,1.4743900925457298e-05,1256.5,0.018525711512837096,0.00018525711512837095,-0.018710968627965466,buy_reversion,0.0023260525173616777
2016-10-14,33,gold,buy,0.0001509267869806646,1251.75,0.1889226056030469,0.0018892260560304693,-0.1908118316590774,buy_reversion,0.023631526336022744
2016-10-15,34,gold,buy,0.0,1251.75,0.0,0.0,0.0,blocked_by_calendar,0.0
2016-10-16,35,gold,buy,0.0,1251.75,0.0,0.0,0.0,blocked_by_calendar,0.0
2016-10-17,36,gold,buy,2.97892207806654e-07,1254.8,0.0003737951423557894,3.7379514235578937e-06,-0.0003775330937793473,buy_reversion,4.687931174417549e-05
2016-10-18,37,btc,buy,0.05609736134860289,636.29,35.69419005250253,0.7138838010500506,-36.40807385355258,buy_reversion,2.269999999999982
2016-10-19,38,btc,buy,1.5321640448146523,629.25,964.1142251996199,19.282284503992397,-983.3965097036123,buy_reversion,81.4446084444428
2016-10-22,41,btc,sell,0.0,655.48,0.0,0.0,0.0,blocked_by_hold,0.0
2016-10-23,42,btc,sell,0.0,653.25,0.0,0.0,0.0,blocked_by_hold,0.0
2016-10-24,43,btc,sell,0.0,651.39,0.0,0.0,0.0,blocked_by_hold,0.0
2016-10-25,44,btc,sell,0.0,655.31,0.0,0.0,0.0,blocked_by_hold,0.0
2016-10-26,45,btc,sell,0.0,651.45,0.0,0.0,0.0,blocked_by_hold,0.0
2016-10-27,46,btc,sell,0.0,682.22,0.0,0.0,0.0,blocked_by_hold,0.0
2016-10-28,47,btc,sell,0.0,687.68,0.0,0.0,0.0,blocked_by_hold,0.0
2016-10-29,48,btc,sell,0.0,685.91,0.0,0.0,0.0,blocked_by_hold,0.0
2016-10-30,49,btc,sell,0.0,698.0,0.0,0.0,0.0,blocked_by_hold,0.0
2017-01-05,116,btc,sell,1.5882614061632552,994.67,1579.795972868405,31.5959194573681,1548.2000534110368,extreme_sell,-3.050000000000068
2017-01-06,117,btc,buy,0.0,999.65,0.0,0.0,0.0,blocked_by_no_buy,0.0
2017-01-07,118,btc,buy,0.0,896.83,0.0,0.0,0.0,blocked_by_no_buy,0.0
2017-01-08,119,btc,buy,0.0,908.14,0.0,0.0,0.0,blocked_by_no_buy,0.0
2017-01-09,120,btc,buy,0.0,910.49,0.0,0.0,0.0,blocked_by_no_buy,0.0
2017-01-10,121,btc,buy,0.0,906.05,0.0,0.0,0.0,blocked_by_no_buy,0.0
2017-01-11,122,btc,buy,0.0,785.22,0.0,0.0,0.0,blocked_by_no_buy,0.0
2017-01-12,123,btc,buy,0.0,780.92,0.0,0.0,0.0,blocked_by_no_buy,0.0
2017-01-13,124,btc,buy,0.0,826.29,0.0,0.0,0.0,blocked_by_no_buy,0.0
2017-01-14,125,btc,buy,0.0,817.91,0.0,0.0,0.0,blocked_by_no_buy,0.0
2017-01-19,130,gold,buy,2.5882921546995917e-05,1196.05,0.030957268316284463,0.00030957268316284464,-0.03126684099944731,buy_reversion,0.0024217418047381705
2017-01-20,131,gold,buy,3.147202304986405e-05,1200.55,0.03778373727251429,0.00037783737272514286,-0.03816157464523943,buy_reversion,0.0029669478879706603
2017-01-21,132,btc,buy,0.0,895.64,0.0,0.0,0.0,blocked_by_no_buy,0.0
2017-01-21,132,gold,buy,0.0,1200.55,0.0,0.0,0.0,blocked_by_calendar,0.0
2017-01-22,133,gold,buy,0.0,1200.55,0.0,0.0,0.0,blocked_by_calendar,0.0
2017-01-25,136,btc,buy,0.0,893.045625,0.0,0.0,0.0,blocked_by_no_buy,0.0
2017-01-25,136,gold,buy,5.4856777091081944e-05,1195.0,0.06555384862384292,0.0006555384862384292,-0.06620938711008136,buy_reversion,0.005123912361399653
2017-01-26,137,btc,buy,0.0,915.95625,0.0,0.0,0.0,blocked_by_no_buy,0.0
2017-01-26,137,gold,buy,0.00014368675747471172,1189.7,0.17094413536766453,0.0017094413536766454,-0.17265357672134118,buy_reversion,0.013302892132838319
2017-01-27,138,gold,buy,0.00023752979853662053,1184.85,0.2814371817961148,0.0028143718179611484,-0.28425155361407595,buy_reversion,0.021814652450701733
2017-01-28,139,gold,buy,0.0,1184.85,0.0,0.0,0.0,blocked_by_calendar,0.0
2017-01-29,140,gold,buy,0.0,1184.85,0.0,0.0,0.0,blocked_by_calendar,0.0
2017-01-30,141,btc,buy,0.0,912.19,0.0,0.0,0.0,blocked_by_no_buy,0.0
2017-02-07,149,gold,sell,0.0,1231.0,0.0,0.0,0.0,blocked_by_hold,0.0
2017-02-08,150,gold,sell,0.0006593968578132027,1242.1,0.8190368370897789,0.00819036837089779,0.8108464687188811,sell_signal,12.743770535609883
2017-02-09,151,btc,buy,1.5665724543851143,976.103,1529.1360724426731,30.582721448853462,-1559.7187938915265,buy_reversion,3264.012101017777
2017-02-11,153,gold,buy,0.0,1228.3,0.0,0.0,0.0,blocked_by_calendar,0.0
2017-02-12,154,gold,buy,0.0,1228.3,0.0,0.0,0.0,blocked_by_calendar,0.0
2017-02-16,158,btc,sell,0.0,1035.208125,0.0,0.0,0.0,blocked_by_hold,0.0
2017-02-17,159,btc,sell,0.0,1035.2,0.0,0.0,0.0,blocked_by_hold,0.0
2017-02-18,160,btc,sell,0.0,1056.637138,0.0,0.0,0.0,blocked_by_hold,0.0
2017-02-19,161,btc,sell,0.0,1052.779286,0.0,0.0,0.0,blocked_by_hold,0.0
2017-02-20,162,btc,sell,0.0,1050.87,0.0,0.0,0.0,blocked_by_hold,0.0
2017-03-17,187,btc,sell,1.5665724543851143,1091.171888,1709.3998227401992,34.18799645480399,1675.211826285395,extreme_sell,-136.50811199999998
2017-03-18,188,btc,buy,0.0,952.2323625,0.0,0.0,0.0,blocked_by_no_buy,0.0
2017-03-19,189,btc,buy,0.0,967.69,0.0,0.0,0.0,blocked_by_no_buy,0.0
2017-03-20,190,btc,buy,0.0,1049.084488,0.0,0.0,0.0,blocked_by_no_buy,0.0
2017-03-23,193,btc,buy,0.0,1038.789,0.0,0.0,0.0,blocked_by_no_buy,0.0
2017-03-24,194,btc,buy,0.0,941.9197143,0.0,0.0,0.0,blocked_by_no_buy,0.0
2017-03-25,195,btc,buy,0.0,927.93,0.0,0.0,0.0,blocked_by_no_buy,0.0
2017-03-26,196,btc,buy,0.0,956.7863125,0.0,0.0,0.0,blocked_by_no_buy,0.0
2017-03-26,196,gold,buy,0.0,1247.5,0.0,0.0,0.0,blocked_by_calendar,0.0
2017-03-30,200,gold,buy,3.963479256552503e-06,1248.8,0.004949592895582766,4.949592895582766e-05,-0.004999088824538593,buy_reversion,0.0003758325563998872
2017-03-31,201,btc,buy,0.0,1034.74,0.0,0.0,0.0,blocked_by_no_buy,0.0
2017-03-31,201,gold,buy,2.2576207100300954e-05,1244.85,0.02810399140880964,0.0002810399140880964,-0.028385031322897738,buy_reversion,0.0021272492348244445
2017-04-01,202,gold,buy,0.0,1244.85,0.0,0.0,0.0,blocked_by_calendar,0.0
2017-04-02,203,gold,buy,0.0,1244.85,0.0,0.0,0.0,blocked_by_calendar,0.0
2017-04-05,206,gold,buy,4.1793478232963247e-07,1245.8,0.0005206631518262561,5.206631518262561e-06,-0.0005258697833445187,buy_reversion,3.9440827090477766e-05
2017-04-10,211,gold,buy,2.6593487159612967e-05,1250.05,0.03324318862387419,0.0003324318862387419,-0.03357562051011293,buy_reversion,0.0025268010066847946
2017-04-11,212,gold,buy,2.526512749707223e-05,1252.9,0.0316546782410818,0.000316546782410818,-0.031971225023492617,buy_reversion,0.0024115938195684444
2017-04-13,214,gold,sell,0.0,1284.15,0.0,0.0,0.0,blocked_by_hold,0.0
2017-04-13,214,btc,buy,0.0,1180.023713,0.0,0.0,0.0,blocked_by_no_buy,0.0
2017-04-14,215,gold,sell,0.0,1284.15,0.0,0.0,0.0,blocked_by_calendar,0.0
2017-04-14,215,btc,buy,0.0,1185.260057,0.0,0.0,0.0,blocked_by_no_buy,0.0
2017-04-15,216,gold,sell,0.0,1284.15,0.0,0.0,0.0,blocked_by_calendar,0.0
2017-04-15,216,btc,buy,0.0,1170.36,0.0,0.0,0.0,blocked_by_no_buy,0.0
2017-04-16,217,gold,sell,0.0,1284.15,0.0,0.0,0.0,blocked_by_calendar,0.0
2017-04-16,217,btc,buy,0.4688326274536871,1186.927413,556.4702976335975,11.12940595267195,-567.5997035862695,buy_reversion,40.16284240204547
2017-04-17,218,gold,buy,0.0,1284.15,0.0,0.0,0.0,blocked_by_calendar,0.0
2017-04-18,219,btc,buy,0.3609775968590374,1176.97,424.85980217518124,8.497196043503624,-433.35699821868485,buy_reversion,46.432662027783365
2017-04-19,220,gold,buy,1.3320340907760208e-06,1279.05,0.0017037382038070693,1.7037382038070693e-05,-0.00172077558584514,buy_reversion,0.00033860440567918935
2017-04-20,221,btc,sell,0.0,1241.686325,0.0,0.0,0.0,blocked_by_hold,0.0
2017-04-21,222,btc,sell,0.0,1236.63,0.0,0.0,0.0,blocked_by_hold,0.0
2017-04-22,223,btc,sell,0.0,1261.311225,0.0,0.0,0.0,blocked_by_hold,0.0
2017-04-23,224,btc,sell,0.0,1257.988113,0.0,0.0,0.0,blocked_by_hold,0.0
2017-04-24,225,btc,sell,0.0,1240.84,0.0,0.0,0.0,blocked_by_hold,0.0
2017-04-25,226,btc,sell,0.0,1279.414688,0.0,0.0,0.0,blocked_by_hold,0.0
2017-04-26,227,btc,sell,0.0,1309.109875,0.0,0.0,0.0,blocked_by_hold,0.0
2017-04-27,228,btc,sell,0.0,1288.02,0.0,0.0,0.0,blocked_by_hold,0.0
2017-04-28,229,btc,sell,0.0,1331.294429,0.0,0.0,0.0,blocked_by_hold,0.0
2017-04-29,230,btc,sell,0.0,1334.979038,0.0,0.0,0.0,blocked_by_hold,0.0
2017-06-15,277,btc,sell,0.8298102243127246,2442.48025,2026.7950841318996,40.53590168263799,1986.2591824492615,extreme_sell,-456.14975000000004
2017-06-16,278,btc,buy,0.0,2464.959814,0.0,0.0,0.0,blocked_by_no_buy,0.0
2017-06-16,278,gold,buy,1.8673625326645448e-05,1255.4,0.023442869235070697,0.00023442869235070697,-0.023677297927421403,buy_reversion,0.0011190903394240784
2017-06-17,279,btc,buy,0.0,2477.94,0.0,0.0,0.0,blocked_by_no_buy,0.0
2017-06-17,279,gold,buy,0.0,1255.4,0.0,0.0,0.0,blocked_by_calendar,0.0
2017-06-18,280,btc,buy,0.0,2507.389252,0.0,0.0,0.0,blocked_by_no_buy,0.0
2017-06-18,280,gold,buy,0.0,1255.4,0.0,0.0,0.0,blocked_by_calendar,0.0
2017-06-19,281,gold,buy,8.922545178841194e-06,1248.15,0.011136674764970638,0.00011136674764970638,-0.011248041512620344,buy_reversion,0.000528565101241314
2017-06-20,282,gold,buy,2.7429180471223582e-05,1242.2,0.034072527981353934,0.00034072527981353937,-0.034413253261167474,buy_reversion,0.001609436723866958
2017-06-21,283,gold,buy,1.6466762589587002e-05,1242.5,0.02045995251756185,0.0002045995251756185,-0.02066455204273747,buy_reversion,0.0009666844376116189
2017-06-24,286,btc,buy,0.0,2589.164888,0.0,0.0,0.0,blocked_by_no_buy,0.0
2017-06-25,287,btc,buy,0.0,2512.366286,0.0,0.0,0.0,blocked_by_no_buy,0.0
2017-06-26,288,btc,buy,0.0,2502.03,0.0,0.0,0.0,blocked_by_no_buy,0.0
2017-06-26,288,gold,buy,1.3388013798980008e-05,1245.25,0.016671424183179854,0.00016671424183179855,-0.016838138425011653,buy_reversion,0.0007894349923971006
2017-06-27,289,btc,buy,0.0,2517.903114,0.0,0.0,0.0,blocked_by_no_buy,0.0
2017-06-27,289,gold,buy,3.7837244228015305e-06,1249.55,0.004727952852511652,4.727952852511652e-05,-0.004775232381036769,buy_reversion,0.00022465530453165666
2017-06-28,290,gold,buy,3.6467413743772186e-06,1248.0,0.004551133235222769,4.551133235222769e-05,-0.004596644567574997,buy_reversion,0.00021598561398395892
2017-06-29,291,gold,buy,8.025763087403066e-06,1243.5,0.009980036399185712,9.980036399185712e-05,-0.010079836763177568,buy_reversion,0.00047192106607454014
2017-06-30,292,btc,buy,0.0,2477.641375,0.0,0.0,0.0,blocked_by_no_buy,0.0
2017-06-30,292,gold,buy,3.6078810772157567e-06,1242.25,0.004481890268171274,4.481890268171274e-05,-0.0045267091708529866,buy_reversion,0.00021172070858263938
2017-07-01,293,btc,buy,0.0,2501.191343,0.0,0.0,0.0,blocked_by_no_buy,0.0
2017-07-01,293,gold,buy,0.0,1242.25,0.0,0.0,0.0,blocked_by_calendar,0.0
2017-07-02,294,btc,buy,0.0,2421.26,0.0,0.0,0.0,blocked_by_no_buy,0.0
2017-07-02,294,gold,buy,0.0,1242.25,0.0,0.0,0.0,blocked_by_calendar,0.0
2017-07-03,295,gold,buy,3.128453714329408e-05,1229.25,0.03845651728339425,0.0003845651728339425,-0.03884108245622819,buy_reversion,0.0017976454072315428
2017-07-04,296,gold,buy,4.803200761238217e-05,1223.75,0.058779169315652684,0.0005877916931565268,-0.05936696100880921,buy_reversion,0.0027353721779460544
2017-07-05,297,gold,buy,4.7281681781151687e-05,1220.3,0.057697836277539404,0.000576978362775394,-0.058274814640314795,buy_reversion,0.0026775415521823596
2017-07-06,298,gold,buy,7.294513267832068e-06,1224.9,0.0089350493017675,8.9350493017675e-05,-0.009024399794785176,buy_reversion,0.0004162145837294761
2017-07-07,299,btc,buy,0.0,2491.201214,0.0,0.0,0.0,blocked_by_no_buy,0.0
2017-07-07,299,gold,buy,1.550814257620156e-05,1215.65,0.018852473522759424,0.00018852473522759425,-0.019040998257987017,buy_reversion,0.0008715616049382973
2017-07-08,300,btc,buy,0.0,2502.86,0.0,0.0,0.0,blocked_by_no_buy,0.0
2017-07-08,300,gold,buy,0.0,1215.65,0.0,0.0,0.0,blocked_by_calendar,0.0
2017-07-09,301,btc,buy,0.0,2536.238938,0.0,0.0,0.0,blocked_by_no_buy,0.0
2017-07-09,301,gold,buy,0.0,1215.65,0.0,0.0,0.0,blocked_by_calendar,0.0
2017-07-10,302,btc,buy,0.0,2366.170143,0.0,0.0,0.0,blocked_by_no_buy,0.0
2017-07-10,302,gold,buy,8.451786575254026e-06,1211.9,0.010242720150550355,0.00010242720150550355,-0.01034514735205586,buy_reversion,0.00047207003428617866
2017-07-11,303,btc,buy,0.0,2327.09,0.0,0.0,0.0,blocked_by_no_buy,0.0
2017-07-11,303,gold,buy,2.791545108493091e-06,1211.05,0.0033807007036405576,3.380700703640558e-05,-0.0034145077106769632,buy_reversion,0.00015570223530318565
2017-07-12,304,btc,buy,0.0,2385.748571,0.0,0.0,0.0,blocked_by_no_buy,0.0
2017-07-13,305,btc,buy,0.0,2354.783417,0.0,0.0,0.0,blocked_by_no_buy,0.0
2017-07-14,306,btc,buy,0.0,2338.49,0.0,0.0,0.0,blocked_by_no_buy,0.0
2017-07-15,307,btc,buy,1.2770796014583643,2058.9956,2629.5012802525257,52.59002560505051,-2682.091305857576,buy_reversion,74486.64133436342
2017-07-18,310,btc,sell,0.0,2320.12225,0.0,0.0,0.0,blocked_by_hold,0.0
2017-07-19,311,btc,sell,0.0,2264.7657,0.0,0.0,0.0,blocked_by_hold,0.0
2017-07-20,312,btc,sell,0.0,2265.21,0.0,0.0,0.0,blocked_by_hold,0.0
2017-07-21,313,btc,sell,0.0,2682.195363,0.0,0.0,0.0,blocked_by_hold,0.0
2017-07-22,314,btc,sell,0.0,2807.609857,0.0,0.0,0.0,blocked_by_hold,0.0
2017-07-23,315,btc,sell,0.0,2825.51,0.0,0.0,0.0,blocked_by_hold,0.0
2017-07-24,316,btc,sell,0.0,2751.821029,0.0,0.0,0.0,blocked_by_hold,0.0
2017-07-25,317,btc,sell,0.0,2560.997917,0.0,0.0,0.0,blocked_by_hold,0.0
2017-07-26,318,btc,sell,0.0,2564.3,0.0,0.0,0.0,blocked_by_hold,0.0
2017-09-04,358,btc,sell,1.2770796014583643,4344.098317,5547.759347370311,110.95518694740622,5436.804160422905,extreme_sell,-238.42168300000048
2017-09-05,359,gold,sell,0.0003447367212783278,1335.55,0.4604131281032707,0.004604131281032707,0.45580899682223797,sell_signal,73.98042310368714
2017-09-05,359,btc,buy,0.0,4488.72014,0.0,0.0,0.0,blocked_by_no_buy,0.0
2017-09-06,360,btc,buy,0.0,4385.02,0.0,0.0,0.0,blocked_by_no_buy,0.0
2017-09-08,362,btc,buy,0.0,4310.750183,0.0,0.0,0.0,blocked_by_no_buy,0.0
2017-09-09,363,btc,buy,0.0,4312.26,0.0,0.0,0.0,blocked_by_no_buy,0.0
2017-09-10,364,btc,buy,0.0,4329.955,0.0,0.0,0.0,blocked_by_no_buy,0.0
2017-09-11,365,btc,buy,0.0,4248.090017,0.0,0.0,0.0,blocked_by_no_buy,0.0
2017-09-11,365,gold,buy,2.4096595520522233e-05,1334.2,0.032149677743480765,0.00032149677743480767,-0.03247117452091557,buy_reversion,0.000796596643674031
2017-09-12,366,btc,buy,0.0,4198.59,0.0,0.0,0.0,blocked_by_no_buy,0.0
2017-09-12,366,gold,buy,6.432888369271934e-05,1326.5,0.0853322642183922,0.000853322642183922,-0.08618558686057612,buy_reversion,0.002102151705864001
2017-09-13,367,btc,buy,0.0,3961.271267,0.0,0.0,0.0,blocked_by_no_buy,0.0
2017-09-13,367,gold,buy,3.4745268287085575e-05,1327.55,0.04612608091452045,0.0004612608091452045,-0.04658734172366566,buy_reversion,0.0011372289992910886
2017-09-14,368,btc,buy,0.0,3319.63,0.0,0.0,0.0,blocked_by_no_buy,0.0
2017-09-14,368,gold,buy,2.531015824449394e-05,1324.55,0.03352457010274445,0.0003352457010274445,-0.03385981580377189,buy_reversion,0.0008246806680653239
2017-09-15,369,btc,buy,0.0,3216.43,0.0,0.0,0.0,blocked_by_no_buy,0.0
2017-09-15,369,gold,buy,7.885890167781942e-06,1322.85,0.010431849808450341,0.00010431849808450341,-0.010536168306534845,buy_reversion,0.0002562883694505377
2017-09-16,370,btc,buy,0.0,3763.62604,0.0,0.0,0.0,blocked_by_no_buy,0.0
2017-09-16,370,gold,buy,0.0,1322.85,0.0,0.0,0.0,blocked_by_calendar,0.0
2017-09-17,371,gold,buy,0.0,1322.85,0.0,0.0,0.0,blocked_by_calendar,0.0
2017-09-18,372,gold,buy,2.525819870239312e-05,1312.1,0.03314128251741001,0.0003314128251741001,-0.03347269534258411,buy_reversion,0.0008075958283319658
2017-09-19,373,gold,buy,2.6830213001120135e-05,1309.6,0.035136846946266925,0.0003513684694626693,-0.03548821541572959,buy_reversion,0.0008545981996752419
2017-09-20,374,gold,buy,1.048914630839075e-05,1311.3,0.01375441755419279,0.00013754417554192791,-0.013891961729734718,buy_reversion,0.00033497133827159486
2017-09-21,375,gold,buy,0.00010686016742756787,1292.1,0.13807402233316043,0.0013807402233316044,-0.13945476255649203,buy_reversion,0.0033133903758613354
2017-09-22,376,btc,buy,0.0,3637.50255,0.0,0.0,0.0,blocked_by_no_buy,0.0
2017-09-22,376,gold,buy,3.617812580920418e-05,1294.8,0.04684343729775757,0.0004684343729775757,-0.047311871670735146,buy_reversion,0.0011264896287488597
2017-09-23,377,btc,buy,0.0,3776.3869,0.0,0.0,0.0,blocked_by_no_buy,0.0
2017-09-23,377,gold,buy,0.0,1294.8,0.0,0.0,0.0,blocked_by_calendar,0.0
2017-09-24,378,btc,buy,0.0,3777.62,0.0,0.0,0.0,blocked_by_no_buy,0.0
2017-09-24,378,gold,buy,0.0,1294.8,0.0,0.0,0.0,blocked_by_calendar,0.0
2017-09-25,379,gold,buy,2.6750747984434955e-07,1293.3,0.00034596742368269725,3.4596742368269725e-06,-0.00034942709791952424,buy_reversion,8.310249307479539e-06
2017-09-27,381,gold,buy,3.140937284818815e-05,1282.55,0.04028409114644371,0.00040284091146443714,-0.04068693205790815,buy_reversion,0.0009595938829649774
2017-09-28,382,gold,buy,2.0983177086338224e-05,1283.35,0.02692876031375216,0.0002692876031375216,-0.027198047916889682,buy_reversion,0.0006418659734388986
2017-09-29,383,gold,buy,1.3643720517961387e-05,1283.1,0.017506257796596255,0.00017506257796596255,-0.01768132037456222,buy_reversion,0.000417194809148332
2017-09-30,384,gold,buy,0.0,1283.1,0.0,0.0,0.0,blocked_by_calendar,0.0
2017-10-02,386,gold,buy,1.7381925088335642e-05,1273.7,0.022139357985013108,0.00022139357985013109,-0.022360751564863238,buy_reversion,0.0005237435279960654
2017-10-03,387,gold,buy,2.1282818568891595e-05,1271.25,0.02705578310570344,0.0002705578310570344,-0.027326340936760472,buy_reversion,0.0006388212822238688
2017-10-04,388,btc,buy,1.2742797828257522,4225.175,5384.0550814007975,107.68110162801595,-5491.736183028814,buy_reversion,4999.273556384765
2017-10-07,391,gold,buy,0.0,1261.8,0.0,0.0,0.0,blocked_by_calendar,0.0
2017-10-08,392,btc,sell,0.0,4602.280883,0.0,0.0,0.0,blocked_by_hold,0.0
2017-10-09,393,btc,sell,0.0,4605.66,0.0,0.0,0.0,blocked_by_hold,0.0
2017-10-10,394,btc,sell,0.0,4782.28,0.0,0.0,0.0,blocked_by_hold,0.0
2017-10-11,395,btc,sell,0.0,4819.485767,0.0,0.0,0.0,blocked_by_hold,0.0
2017-10-12,396,btc,sell,0.0,4822.17,0.0,0.0,0.0,blocked_by_hold,0.0
2017-10-13,397,btc,sell,0.0,5563.806567,0.0,0.0,0.0,blocked_by_hold,0.0
2017-10-14,398,btc,sell,0.0,5739.438733,0.0,0.0,0.0,blocked_by_hold,0.0
2017-10-15,399,btc,sell,0.0,5825.99,0.0,0.0,0.0,blocked_by_hold,0.0
2017-11-11,426,btc,sell,1.2742797828257522,6569.22,8371.024234934588,167.42048469869175,8203.603750235896,extreme_sell,-522.9072329999999
2017-11-12,427,btc,buy,0.0,5716.301583,0.0,0.0,0.0,blocked_by_no_buy,0.0
2017-11-12,427,gold,buy,0.0,1284.3,0.0,0.0,0.0,blocked_by_calendar,0.0
2017-11-13,428,btc,buy,0.0,6550.227533,0.0,0.0,0.0,blocked_by_no_buy,0.0
2017-11-13,428,gold,buy,1.0000780939991992e-05,1277.95,0.012780498002262766,0.00012780498002262766,-0.012908302982285394,buy_reversion,0.00020174152015644802
2017-11-14,429,gold,buy,1.8151583004501395e-05,1274.6,0.023136007697537476,0.00023136007697537476,-0.02336736777451285,buy_reversion,0.00036424758127516727
2017-11-16,431,btc,buy,0.0,7815.0307,0.0,0.0,0.0,blocked_by_no_buy,0.0
2017-11-16,431,gold,buy,2.6477499665293e-09,1280.0,3.389119957157504e-06,3.3891199571575036e-08,-3.423011156729079e-06,buy_reversion,5.358367626876398e-08
2017-11-17,432,btc,buy,0.0,7868.77,0.0,0.0,0.0,blocked_by_no_buy,0.0
2017-11-18,433,btc,buy,0.0,7817.140383,0.0,0.0,0.0,blocked_by_no_buy,0.0
2017-11-21,436,gold,buy,3.8734528103600247e-07,1283.3,0.000497080199153502,4.97080199153502e-06,-0.000502051001145037,buy_reversion,7.879347491533209e-06
2017-11-27,442,btc,buy,0.0,9718.29505,0.0,0.0,0.0,blocked_by_no_buy,0.0
2017-11-28,443,btc,buy,0.0,9952.50882,0.0,0.0,0.0,blocked_by_no_buy,0.0
2017-11-29,444,btc,buy,0.0,9919.0,0.0,0.0,0.0,blocked_by_no_buy,0.0
2017-11-29,444,gold,buy,1.309743530659819e-05,1283.85,0.016815142318376084,0.00016815142318376086,-0.016983293741559845,buy_reversion,0.0002666554447390189
2017-11-30,445,btc,buy,0.0,10147.372,0.0,0.0,0.0,blocked_by_no_buy,0.0
2017-11-30,445,gold,buy,2.5685025940912303e-05,1280.2,0.03288197020955593,0.0003288197020955593,-0.03321078991165149,buy_reversion,0.0005199626978221805
2017-12-01,446,btc,buy,0.0,10883.912,0.0,0.0,0.0,blocked_by_no_buy,0.0
2017-12-01,446,gold,buy,4.2891776312172986e-05,1275.5,0.054708460686176644,0.0005470846068617664,-0.05525554529303841,buy_reversion,0.0008619325344592829
2017-12-02,447,gold,buy,0.0,1275.5,0.0,0.0,0.0,blocked_by_calendar,0.0
2017-12-03,448,btc,buy,0.0,11332.622,0.0,0.0,0.0,blocked_by_no_buy,0.0
2017-12-03,448,gold,buy,0.0,1275.5,0.0,0.0,0.0,blocked_by_calendar,0.0
2017-12-04,449,btc,buy,0.0,11584.83,0.0,0.0,0.0,blocked_by_no_buy,0.0
2017-12-04,449,gold,buy,2.9855777473425474e-06,1273.45,0.003801983982353367,3.801983982353367e-05,-0.003840003822176901,buy_reversion,5.980444444444507e-05
2017-12-05,450,gold,buy,1.715467938345046e-05,1266.3,0.021722970503263318,0.00021722970503263318,-0.02194020020829595,buy_reversion,0.00033977960339975677
2017-12-06,451,btc,buy,0.0,13540.98,0.0,0.0,0.0,blocked_by_no_buy,0.0
2017-12-06,451,gold,buy,2.1816719685491536e-05,1263.7,0.027569788666555656,0.00027569788666555656,-0.02784548655322121,buy_reversion,0.0004303482936104035
2017-12-07,452,btc,buy,0.0,16501.97167,0.0,0.0,0.0,blocked_by_no_buy,0.0
2017-12-07,452,gold,buy,5.7667879885689864e-05,1255.0,0.07237318925654078,0.0007237318925654078,-0.07309692114910618,buy_reversion,0.0011219295666585758
2017-12-08,453,btc,buy,0.0,16860.88,0.0,0.0,0.0,blocked_by_no_buy,0.0
2017-12-08,453,gold,buy,5.622446647271813e-05,1250.65,0.07031712899410493,0.0007031712899410493,-0.07102030028404598,buy_reversion,0.0010862880341383117
2017-12-09,454,btc,buy,0.0,15142.83415,0.0,0.0,0.0,blocked_by_no_buy,0.0
2017-12-09,454,gold,buy,0.0,1250.65,0.0,0.0,0.0,blocked_by_calendar,0.0
2017-12-10,455,btc,buy,0.0,14869.805,0.0,0.0,0.0,blocked_by_no_buy,0.0
2017-12-10,455,gold,buy,0.0,1250.65,0.0,0.0,0.0,blocked_by_calendar,0.0
2017-12-11,456,btc,buy,0.5372360167710523,15068.95,8095.582674922149,161.91165349844297,-8257.494328420591,buy_reversion,890656.613182248
2017-12-12,457,btc,sell,0.0,17276.39333,0.0,0.0,0.0,blocked_by_hold,0.0
2017-12-13,458,btc,sell,0.0,16808.36667,0.0,0.0,0.0,blocked_by_hold,0.0
2017-12-14,459,btc,sell,0.0,16252.31,0.0,0.0,0.0,blocked_by_hold,0.0
2017-12-15,460,btc,sell,0.0,17771.9,0.0,0.0,0.0,blocked_by_hold,0.0
2017-12-16,461,btc,sell,0.0,19498.68333,0.0,0.0,0.0,blocked_by_hold,0.0
2017-12-17,462,btc,sell,0.0,19279.9,0.0,0.0,0.0,blocked_by_hold,0.0
2017-12-18,463,btc,sell,0.0,18961.85667,0.0,0.0,0.0,blocked_by_hold,0.0
2017-12-19,464,btc,sell,0.0,17737.11167,0.0,0.0,0.0,blocked_by_hold,0.0
2017-12-20,465,btc,sell,0.0,17382.94,0.0,0.0,0.0,blocked_by_hold,0.0
2017-12-21,466,btc,sell,0.0,16047.51,0.0,0.0,0.0,blocked_by_hold,0.0
2017-12-22,467,btc,sell,0.0,15190.945,0.0,0.0,0.0,blocked_by_hold,0.0
2017-12-23,468,btc,sell,0.5372360167710523,13776.61,7401.291081008247,148.02582162016495,7253.265259388082,extreme_sell,-3960.501669999998
2017-12-24,469,btc,buy,0.0,13949.175,0.0,0.0,0.0,blocked_by_no_buy,0.0
2017-12-25,470,btc,buy,0.0,14119.02833,0.0,0.0,0.0,blocked_by_no_buy,0.0
2017-12-26,471,btc,buy,0.0,13740.94,0.0,0.0,0.0,blocked_by_no_buy,0.0
2017-12-27,472,btc,buy,0.0,15589.32167,0.0,0.0,0.0,blocked_by_no_buy,0.0
2017-12-29,474,btc,buy,0.0,14214.01,0.0,0.0,0.0,blocked_by_no_buy,0.0
2017-12-30,475,btc,buy,0.0,13215.574,0.0,0.0,0.0,blocked_by_no_buy,0.0
2017-12-31,476,btc,buy,0.0,14165.575,0.0,0.0,0.0,blocked_by_no_buy,0.0
2018-01-01,477,btc,buy,0.0,13796.0,0.0,0.0,0.0,blocked_by_no_buy,0.0
2018-01-03,479,btc,buy,0.0,15053.26167,0.0,0.0,0.0,blocked_by_no_buy,0.0
2018-01-05,481,gold,sell,0.0007330170864607103,1317.15,0.9654934554317247,0.009654934554317247,0.9558385208774075,sell_signal,1.367527829956316
2018-01-05,481,btc,buy,0.0,17174.12,0.0,0.0,0.0,blocked_by_no_buy,0.0
2018-01-06,482,btc,buy,0.0,17319.198,0.0,0.0,0.0,blocked_by_no_buy,0.0
2018-01-07,483,btc,buy,0.0,17155.95,0.0,0.0,0.0,blocked_by_no_buy,0.0
2018-01-08,484,btc,buy,0.0,15265.90667,0.0,0.0,0.0,blocked_by_no_buy,0.0
2018-01-09,485,btc,buy,0.0,14714.25333,0.0,0.0,0.0,blocked_by_no_buy,0.0
2018-01-09,485,gold,buy,6.529289233739715e-06,1311.0,0.008559898185432766,8.559898185432766e-05,-0.008645497167287094,buy_reversion,0.0001582281005793746
2018-01-10,486,btc,buy,0.0,14437.42,0.0,0.0,0.0,blocked_by_no_buy,0.0
2018-01-11,487,btc,buy,0.0,13296.794,0.0,0.0,0.0,blocked_by_no_buy,0.0
2018-01-12,488,btc,buy,0.0,13912.882,0.0,0.0,0.0,blocked_by_no_buy,0.0
2018-01-13,489,btc,buy,0.0,13791.19,0.0,0.0,0.0,blocked_by_no_buy,0.0
2018-01-14,490,btc,buy,0.0,13852.92,0.0,0.0,0.0,blocked_by_no_buy,0.0
2018-01-15,491,gold,sell,0.0,1339.25,0.0,0.0,0.0,blocked_by_hold,0.0
2018-01-16,492,gold,sell,0.0,1333.85,0.0,0.0,0.0,blocked_by_hold,0.0
2018-01-17,493,gold,sell,0.0,1335.65,0.0,0.0,0.0,blocked_by_hold,0.0
2018-01-18,494,gold,sell,0.0,1332.2,0.0,0.0,0.0,blocked_by_hold,0.0
2018-01-19,495,gold,sell,0.0,1334.95,0.0,0.0,0.0,blocked_by_hold,0.0
2018-01-20,496,gold,sell,0.0,1334.95,0.0,0.0,0.0,blocked_by_calendar,0.0
2018-01-21,497,gold,sell,0.0,1334.95,0.0,0.0,0.0,blocked_by_calendar,0.0
2018-01-27,503,gold,sell,0.0,1353.15,0.0,0.0,0.0,blocked_by_calendar,0.0
2018-01-28,504,gold,sell,0.0,1353.15,0.0,0.0,0.0,blocked_by_calendar,0.0
2018-02-03,510,gold,sell,0.0,1331.15,0.0,0.0,0.0,blocked_by_calendar,0.0
2018-02-04,511,gold,sell,0.0,1331.15,0.0,0.0,0.0,blocked_by_calendar,0.0
2018-02-10,517,gold,sell,0.0,1314.1,0.0,0.0,0.0,blocked_by_calendar,0.0
2018-02-11,518,gold,sell,0.0,1314.1,0.0,0.0,0.0,blocked_by_calendar,0.0
2018-02-17,524,gold,sell,0.0,1352.1,0.0,0.0,0.0,blocked_by_calendar,0.0
2018-02-18,525,gold,sell,0.0,1352.1,0.0,0.0,0.0,blocked_by_calendar,0.0
2018-02-24,531,gold,sell,0.0,1327.95,0.0,0.0,0.0,blocked_by_calendar,0.0
2018-02-25,532,gold,sell,0.0,1327.95,0.0,0.0,0.0,blocked_by_calendar,0.0
2018-03-03,538,gold,sell,0.0,1322.3,0.0,0.0,0.0,blocked_by_calendar,0.0
2018-03-04,539,gold,sell,0.0,1322.3,0.0,0.0,0.0,blocked_by_calendar,0.0
2018-03-10,545,gold,sell,0.0,1320.6,0.0,0.0,0.0,blocked_by_calendar,0.0
2018-03-11,546,gold,sell,0.0,1320.6,0.0,0.0,0.0,blocked_by_calendar,0.0
2018-03-17,552,gold,sell,0.0,1310.1,0.0,0.0,0.0,blocked_by_calendar,0.0
2018-03-18,553,gold,sell,0.0,1310.1,0.0,0.0,0.0,blocked_by_calendar,0.0
2018-03-24,559,gold,sell,0.0,1346.6,0.0,0.0,0.0,blocked_by_calendar,0.0
2018-03-25,560,gold,sell,0.0,1346.6,0.0,0.0,0.0,blocked_by_calendar,0.0
2018-03-30,565,gold,sell,0.0,1323.85,0.0,0.0,0.0,blocked_by_calendar,0.0
2018-03-31,566,gold,sell,0.0,1323.85,0.0,0.0,0.0,blocked_by_calendar,0.0
2018-04-01,567,gold,sell,0.0,1323.85,0.0,0.0,0.0,blocked_by_calendar,0.0
2018-04-02,568,gold,sell,0.0,1323.85,0.0,0.0,0.0,blocked_by_calendar,0.0
2018-04-07,573,gold,sell,0.0,1331.2,0.0,0.0,0.0,blocked_by_calendar,0.0
2018-04-08,574,gold,sell,0.0,1331.2,0.0,0.0,0.0,blocked_by_calendar,0.0
2018-04-14,580,gold,sell,0.0,1343.7,0.0,0.0,0.0,blocked_by_calendar,0.0
2018-04-15,581,gold,sell,0.0,1343.7,0.0,0.0,0.0,blocked_by_calendar,0.0
2018-04-21,587,gold,sell,0.0,1336.75,0.0,0.0,0.0,blocked_by_calendar,0.0
2018-04-22,588,gold,sell,0.0,1336.75,0.0,0.0,0.0,blocked_by_calendar,0.0
2018-04-28,594,gold,sell,0.0,1321.5,0.0,0.0,0.0,blocked_by_calendar,0.0
2018-04-29,595,gold,sell,0.0,1321.5,0.0,0.0,0.0,blocked_by_calendar,0.0
2018-05-05,601,gold,sell,0.0,1309.4,0.0,0.0,0.0,blocked_by_calendar,0.0
2018-05-06,602,gold,sell,0.0,1309.4,0.0,0.0,0.0,blocked_by_calendar,0.0
2018-05-07,603,gold,sell,0.0,1309.4,0.0,0.0,0.0,blocked_by_calendar,0.0
2018-05-12,608,gold,sell,0.0,1324.35,0.0,0.0,0.0,blocked_by_calendar,0.0
2018-05-13,609,gold,sell,0.0,1324.35,0.0,0.0,0.0,blocked_by_calendar,0.0
2018-05-19,615,gold,sell,0.0,1288.3,0.0,0.0,0.0,blocked_by_calendar,0.0
2018-05-20,616,gold,sell,0.0,1288.3,0.0,0.0,0.0,blocked_by_calendar,0.0
2018-05-26,622,gold,sell,0.0,1303.5,0.0,0.0,0.0,blocked_by_calendar,0.0
2018-05-27,623,gold,sell,0.0,1303.5,0.0,0.0,0.0,blocked_by_calendar,0.0
2018-05-28,624,gold,sell,0.0,1303.5,0.0,0.0,0.0,blocked_by_calendar,0.0
2018-06-02,629,gold,sell,0.0,1294.6,0.0,0.0,0.0,blocked_by_calendar,0.0
2018-06-03,630,gold,sell,0.0,1294.6,0.0,0.0,0.0,blocked_by_calendar,0.0
2018-06-09,636,gold,sell,0.0,1298.25,0.0,0.0,0.0,blocked_by_calendar,0.0
2018-06-10,637,gold,sell,0.0,1298.25,0.0,0.0,0.0,blocked_by_calendar,0.0
2018-06-16,643,gold,sell,0.0,1285.25,0.0,0.0,0.0,blocked_by_calendar,0.0
2018-06-17,644,gold,sell,0.0,1285.25,0.0,0.0,0.0,blocked_by_calendar,0.0
2018-06-23,650,gold,sell,0.0,1269.15,0.0,0.0,0.0,blocked_by_calendar,0.0
2018-06-24,651,gold,sell,0.0,1269.15,0.0,0.0,0.0,blocked_by_calendar,0.0
2018-06-30,657,gold,sell,0.0,1250.45,0.0,0.0,0.0,blocked_by_calendar,0.0
2018-07-01,658,gold,sell,0.0,1250.45,0.0,0.0,0.0,blocked_by_calendar,0.0
2018-07-07,664,gold,sell,0.0,1255.35,0.0,0.0,0.0,blocked_by_calendar,0.0
2018-07-08,665,gold,sell,0.0,1255.35,0.0,0.0,0.0,blocked_by_calendar,0.0
2018-07-14,671,gold,sell,0.0,1241.7,0.0,0.0,0.0,blocked_by_calendar,0.0
2018-07-15,672,gold,sell,0.0,1241.7,0.0,0.0,0.0,blocked_by_calendar,0.0
2018-07-21,678,gold,sell,0.0,1228.75,0.0,0.0,0.0,blocked_by_calendar,0.0
2018-07-22,679,gold,sell,0.0,1228.75,0.0,0.0,0.0,blocked_by_calendar,0.0
2018-07-28,685,gold,sell,0.0,1223.95,0.0,0.0,0.0,blocked_by_calendar,0.0
2018-07-29,686,gold,sell,0.0,1223.95,0.0,0.0,0.0,blocked_by_calendar,0.0
2018-08-04,692,gold,sell,0.0,1216.3,0.0,0.0,0.0,blocked_by_calendar,0.0
2018-08-05,693,gold,sell,0.0,1216.3,0.0,0.0,0.0,blocked_by_calendar,0.0
2018-08-11,699,gold,sell,0.0,1214.4,0.0,0.0,0.0,blocked_by_calendar,0.0
2018-08-12,700,gold,sell,0.0,1214.4,0.0,0.0,0.0,blocked_by_calendar,0.0
2018-08-13,701,gold,sell,6.529289233739715e-06,1200.35,0.007837432331719466,7.837432331719466e-05,0.007759058008402271,extreme_sell,-14.0
2018-08-14,702,gold,buy,0.0,1197.0,0.0,0.0,0.0,blocked_by_no_buy,0.0
2018-08-14,702,btc,buy,1.1343827716268469,6252.13,7092.308557971358,141.84617115942717,-7234.154729130785,buy_reversion,1797.9201964219028
2018-08-15,703,btc,sell,0.0,6362.676923,0.0,0.0,0.0,blocked_by_hold,0.0
2018-08-16,704,btc,sell,0.0,6342.629231,0.0,0.0,0.0,blocked_by_hold,0.0
2018-08-17,705,btc,sell,0.0,6312.75,0.0,0.0,0.0,blocked_by_hold,0.0
2018-08-18,706,btc,sell,0.0,6436.720833,0.0,0.0,0.0,blocked_by_hold,0.0
2018-08-19,707,btc,sell,0.0,6404.063333,0.0,0.0,0.0,blocked_by_hold,0.0
2018-08-20,708,btc,sell,0.0,6486.58,0.0,0.0,0.0,blocked_by_hold,0.0
2018-08-21,709,btc,sell,0.0,6401.246154,0.0,0.0,0.0,blocked_by_hold,0.0
2018-08-22,710,btc,sell,0.0,6575.229167,0.0,0.0,0.0,blocked_by_hold,0.0
2018-08-23,711,btc,sell,0.0,6354.57,0.0,0.0,0.0,blocked_by_hold,0.0
2018-08-24,712,btc,sell,0.0,6543.645714,0.0,0.0,0.0,blocked_by_hold,0.0
2018-08-25,713,btc,sell,0.0,6719.429231,0.0,0.0,0.0,blocked_by_hold,0.0
2018-09-06,725,btc,sell,1.1343827716268469,6433.271667,7297.7925442399255,145.9558508847985,7151.836693355127,extreme_sell,-814.6637179999998
2018-09-07,726,btc,buy,0.0,6501.19,0.0,0.0,0.0,blocked_by_no_buy,0.0
2018-09-08,727,btc,buy,0.0,6366.1075,0.0,0.0,0.0,blocked_by_no_buy,0.0
2018-09-09,728,gold,buy,0.0,1198.9,0.0,0.0,0.0,blocked_by_no_buy,0.0
2018-09-09,728,btc,buy,0.0,6286.425833,0.0,0.0,0.0,blocked_by_no_buy,0.0
2018-09-09,728,gold,buy,0.0,1198.9,0.0,0.0,0.0,blocked_by_calendar,0.0
2018-09-10,729,gold,buy,0.0,1196.6,0.0,0.0,0.0,blocked_by_no_buy,0.0
2018-09-10,729,btc,buy,0.0,6240.98,0.0,0.0,0.0,blocked_by_no_buy,0.0
2018-09-11,730,gold,buy,0.0,1189.85,0.0,0.0,0.0,blocked_by_no_buy,0.0
2018-09-11,730,btc,buy,0.0,6296.320833,0.0,0.0,0.0,blocked_by_no_buy,0.0
2018-09-12,731,btc,buy,0.0,6273.1375,0.0,0.0,0.0,blocked_by_no_buy,0.0
2018-09-12,731,gold,buy,1.8281535060118652e-07,1195.6,0.00021857403317877857,2.185740331787786e-06,-0.00022075977351056637,buy_reversion,3.7279239285860493e-06
2018-09-17,736,btc,buy,0.0,6400.600833,0.0,0.0,0.0,blocked_by_no_buy,0.0
2018-09-17,736,gold,buy,6.337191342455921e-07,1201.9,0.0007616670274497772,7.616670274497772e-06,-0.000769283697724275,buy_reversion,1.3059184976395292e-05
2018-09-18,737,btc,buy,0.0,6296.631667,0.0,0.0,0.0,blocked_by_no_buy,0.0
2018-09-18,737,gold,buy,2.3642561940477846e-07,1200.2,0.0002837580284096151,2.837580284096151e-06,-0.00028659560869371127,buy_reversion,4.858300916644284e-06
2018-09-19,738,btc,buy,0.0,6342.39,0.0,0.0,0.0,blocked_by_no_buy,0.0
2018-09-21,740,gold,buy,1.1988934974140508e-06,1198.7,0.0014371136353502228,1.4371136353502228e-05,-0.001451484771703725,buy_reversion,2.4574475856525027e-05
2018-09-22,741,gold,buy,0.0,1198.7,0.0,0.0,0.0,blocked_by_calendar,0.0
2018-09-23,742,gold,buy,0.0,1198.7,0.0,0.0,0.0,blocked_by_calendar,0.0
2018-09-25,744,btc,buy,0.0,6583.45,0.0,0.0,0.0,blocked_by_no_buy,0.0
2018-09-26,745,btc,buy,0.0,6468.631667,0.0,0.0,0.0,blocked_by_no_buy,0.0
2018-09-26,745,gold,buy,2.5658226659407877e-06,1194.25,0.0030642337187997857,3.0642337187997856e-05,-0.0030948760559877837,buy_reversion,5.220353053640619e-05
2018-09-27,746,btc,buy,0.0,6535.476667,0.0,0.0,0.0,blocked_by_no_buy,0.0
2018-09-27,746,gold,buy,1.639016589243701e-05,1185.4,0.01942890264889483,0.00019428902648894832,-0.01962319167538378,buy_reversion,0.00032854595535197284
2018-09-28,747,gold,buy,9.29600830778665e-06,1187.25,0.011036685863419701,0.00011036685863419702,-0.011147052722053899,buy_reversion,0.00018692397393246793
2018-09-29,748,btc,buy,0.0,6550.474167,0.0,0.0,0.0,blocked_by_no_buy,0.0
2018-09-29,748,gold,buy,0.0,1187.25,0.0,0.0,0.0,blocked_by_calendar,0.0
2018-09-30,749,gold,buy,0.0,1187.25,0.0,0.0,0.0,blocked_by_calendar,0.0
2018-10-02,751,btc,buy,0.0,6562.641667,0.0,0.0,0.0,blocked_by_no_buy,0.0
2018-10-03,752,btc,buy,0.0,6470.4025,0.0,0.0,0.0,blocked_by_no_buy,0.0
2018-10-04,753,btc,buy,0.0,6483.73,0.0,0.0,0.0,blocked_by_no_buy,0.0
2018-10-08,757,gold,buy,2.1101712853940804e-05,1186.95,0.02504667807198504,0.0002504667807198504,-0.02529714485270489,buy_reversion,0.00042409914300235306
2018-10-09,758,gold,buy,1.8929139003915913e-05,1185.55,0.02244144074609251,0.00022441440746092512,-0.022665855153553436,buy_reversion,0.0003795395284883725
2018-10-10,759,gold,buy,6.037359333777985e-06,1188.6,0.007176005304128512,7.176005304128513e-05,-0.007247765357169798,buy_reversion,0.00012167638119421669
2018-10-11,760,btc,buy,1.121828652770207,6248.635833,7009.898718186031,140.19797436372062,-7150.096692549751,buy_reversion,110237.46221422685
2018-10-12,761,gold,sell,0.0,1219.75,0.0,0.0,0.0,blocked_by_hold,0.0
2018-10-13,762,gold,sell,0.0,1219.75,0.0,0.0,0.0,blocked_by_calendar,0.0
2018-10-14,763,gold,sell,0.0,1219.75,0.0,0.0,0.0,blocked_by_calendar,0.0
2018-10-15,764,btc,sell,0.0,6452.571667,0.0,0.0,0.0,blocked_by_hold,0.0
2018-10-16,765,btc,sell,0.0,6599.17,0.0,0.0,0.0,blocked_by_hold,0.0
2018-10-17,766,btc,sell,0.0,6596.276154,0.0,0.0,0.0,blocked_by_hold,0.0
2018-10-18,767,btc,sell,0.0,6568.040769,0.0,0.0,0.0,blocked_by_hold,0.0
2018-10-19,768,btc,sell,0.0,6509.61,0.0,0.0,0.0,blocked_by_hold,0.0
2018-10-20,769,btc,sell,0.0,6488.825833,0.0,0.0,0.0,blocked_by_hold,0.0
2018-10-21,770,btc,sell,0.0,6531.601667,0.0,0.0,0.0,blocked_by_hold,0.0
2018-10-22,771,btc,sell,0.0,6504.78,0.0,0.0,0.0,blocked_by_hold,0.0
2018-11-15,795,btc,sell,1.121828652770207,5756.77,6458.1095334079455,129.1621906681589,6328.947342739787,extreme_sell,-621.4983329999995
2018-11-16,796,gold,sell,7.657206165946475e-05,1222.4,0.09360168817252972,0.0009360168817252972,0.09266567129080441,sell_signal,11.25295053632749
2018-11-16,796,btc,buy,0.0,5596.1925,0.0,0.0,0.0,blocked_by_no_buy,0.0
2018-11-17,797,btc,buy,0.0,5558.243333,0.0,0.0,0.0,blocked_by_no_buy,0.0
2018-11-18,798,btc,buy,0.0,5572.44,0.0,0.0,0.0,blocked_by_no_buy,0.0
2018-11-19,799,btc,buy,0.0,5303.9425,0.0,0.0,0.0,blocked_by_no_buy,0.0
2018-11-20,800,btc,buy,0.0,4671.97,0.0,0.0,0.0,blocked_by_no_buy,0.0
2018-11-21,801,btc,buy,0.0,4491.98,0.0,0.0,0.0,blocked_by_no_buy,0.0
2018-11-22,802,btc,buy,0.0,4548.7975,0.0,0.0,0.0,blocked_by_no_buy,0.0
2018-11-23,803,btc,buy,0.0,4309.3375,0.0,0.0,0.0,blocked_by_no_buy,0.0
2018-11-23,803,gold,buy,1.310800904078136e-07,1223.65,0.00016039615262752112,1.6039615262752112e-06,-0.00016200011415379634,buy_reversion,3.171332392762837e-06
2018-11-24,804,btc,buy,0.0,4352.98,0.0,0.0,0.0,blocked_by_no_buy,0.0
2018-11-24,804,gold,buy,0.0,1223.65,0.0,0.0,0.0,blocked_by_calendar,0.0
2018-11-25,805,btc,buy,0.0,3823.511667,0.0,0.0,0.0,blocked_by_no_buy,0.0
2018-11-25,805,gold,buy,0.0,1223.65,0.0,0.0,0.0,blocked_by_calendar,0.0
2018-11-26,806,btc,buy,0.0,3920.536667,0.0,0.0,0.0,blocked_by_no_buy,0.0
2018-11-26,806,gold,buy,1.1859068254261771e-07,1223.4,0.00014508384102263853,1.4508384102263854e-06,-0.00014653467943286493,buy_reversion,2.867993314044412e-06
2018-11-27,807,btc,buy,0.0,3793.35,0.0,0.0,0.0,blocked_by_no_buy,0.0
2018-11-27,807,gold,buy,3.22748286886485e-07,1221.2,0.0003941402079457755,3.941402079457755e-06,-0.0003980816100252333,buy_reversion,7.777287629754622e-06
2018-11-28,808,gold,buy,5.592100817019446e-06,1213.25,0.006784616316248843,6.784616316248843e-05,-0.006852462479411332,buy_reversion,0.00013300447224595197
2018-11-30,810,gold,buy,6.594835811215616e-07,1217.55,0.0008029542341945572,8.029542341945573e-06,-0.0008109837765365028,buy_reversion,1.579678583742641e-05
2018-12-01,811,gold,buy,0.0,1217.55,0.0,0.0,0.0,blocked_by_calendar,0.0
2018-12-02,812,btc,buy,0.0,4167.546667,0.0,0.0,0.0,blocked_by_no_buy,0.0
2018-12-02,812,gold,buy,0.0,1217.55,0.0,0.0,0.0,blocked_by_calendar,0.0
2018-12-03,813,btc,buy,0.0,4140.6,0.0,0.0,0.0,blocked_by_no_buy,0.0
2018-12-04,814,gold,sell,0.0,1240.3,0.0,0.0,0.0,blocked_by_hold,0.0
2018-12-04,814,btc,buy,0.0,3961.493333,0.0,0.0,0.0,blocked_by_no_buy,0.0
2018-12-05,815,btc,buy,0.0,3858.349167,0.0,0.0,0.0,blocked_by_no_buy,0.0
2018-12-06,816,gold,sell,0.0,1242.55,0.0,0.0,0.0,blocked_by_hold,0.0
2018-12-06,816,btc,buy,0.0,3744.98,0.0,0.0,0.0,blocked_by_no_buy,0.0
2018-12-07,817,gold,sell,0.0,1243.3,0.0,0.0,0.0,blocked_by_hold,0.0
2018-12-07,817,btc,buy,0.0,3405.643333,0.0,0.0,0.0,blocked_by_no_buy,0.0
2018-12-08,818,gold,sell,0.0,1243.3,0.0,0.0,0.0,blocked_by_calendar,0.0
2018-12-08,818,btc,buy,0.0,3435.34,0.0,0.0,0.0,blocked_by_no_buy,0.0
2018-12-09,819,gold,sell,0.0,1243.3,0.0,0.0,0.0,blocked_by_calendar,0.0
2018-12-09,819,btc,buy,0.0,3453.66,0.0,0.0,0.0,blocked_by_no_buy,0.0
2018-12-10,820,gold,sell,0.0,1245.35,0.0,0.0,0.0,blocked_by_hold,0.0
2018-12-10,820,btc,buy,0.0,3523.96,0.0,0.0,0.0,blocked_by_no_buy,0.0
2018-12-11,821,gold,sell,0.0,1245.3,0.0,0.0,0.0,blocked_by_hold,0.0
2018-12-11,821,btc,buy,0.0,3426.19,0.0,0.0,0.0,blocked_by_no_buy,0.0
2018-12-12,822,gold,sell,6.8240034579779245e-06,1245.75,0.008501002307776,8.501002307776e-05,0.00841599228469824,sell_signal,6.730598162991328
2018-12-12,822,btc,buy,0.0,3407.28,0.0,0.0,0.0,blocked_by_no_buy,0.0
2018-12-13,823,btc,buy,0.0,3406.7625,0.0,0.0,0.0,blocked_by_no_buy,0.0
2018-12-13,823,gold,buy,1.8839722602456093e-07,1242.75,0.0002341306526420231,2.341306526420231e-06,-0.00023647195916844333,buy_reversion,4.701458929001406e-06
2018-12-14,824,btc,buy,0.0,3278.374167,0.0,0.0,0.0,blocked_by_no_buy,0.0
2018-12-14,824,gold,buy,4.883581838123749e-06,1235.35,0.006032932823726173,6.032932823726173e-05,-0.006093262151963434,buy_reversion,0.00012042291194775914
2018-12-15,825,gold,buy,0.0,1235.35,0.0,0.0,0.0,blocked_by_calendar,0.0
2018-12-15,825,btc,buy,1.9087088502547083,3242.42,6188.835750242872,123.77671500485744,-6312.612465247729,buy_reversion,20415.186557888865
2018-12-16,826,gold,buy,0.0,1235.35,0.0,0.0,0.0,blocked_by_calendar,0.0
2018-12-17,827,btc,sell,0.0,3392.405,0.0,0.0,0.0,blocked_by_hold,0.0
2018-12-18,828,btc,sell,0.0,3556.54,0.0,0.0,0.0,blocked_by_hold,0.0
2018-12-19,829,btc,sell,0.0,3808.0425,0.0,0.0,0.0,blocked_by_hold,0.0
2018-12-20,830,btc,sell,0.0,3982.850833,0.0,0.0,0.0,blocked_by_hold,0.0
2018-12-21,831,btc,sell,0.0,4135.19,0.0,0.0,0.0,blocked_by_hold,0.0
2018-12-22,832,btc,sell,0.0,3910.973333,0.0,0.0,0.0,blocked_by_hold,0.0
2018-12-23,833,btc,sell,0.0,4027.478333,0.0,0.0,0.0,blocked_by_hold,0.0
2018-12-24,834,btc,sell,0.0,3995.17,0.0,0.0,0.0,blocked_by_hold,0.0
2018-12-25,835,btc,sell,0.0,3813.88,0.0,0.0,0.0,blocked_by_hold,0.0
2018-12-26,836,btc,sell,0.0,3825.379167,0.0,0.0,0.0,blocked_by_hold,0.0
2019-01-11,852,btc,sell,1.9087088502547083,3646.25,6959.62964524123,139.1925929048246,6820.437052336405,extreme_sell,-389.8433329999998
2019-01-12,853,gold,sell,0.0,1288.95,0.0,0.0,0.0,blocked_by_calendar,0.0
2019-01-12,853,btc,buy,0.0,3646.345833,0.0,0.0,0.0,blocked_by_no_buy,0.0
2019-01-13,854,btc,buy,0.0,3599.841667,0.0,0.0,0.0,blocked_by_no_buy,0.0
2019-01-13,854,gold,buy,0.0,1288.95,0.0,0.0,0.0,blocked_by_calendar,0.0
2019-01-14,855,gold,sell,5.07197906414831e-06,1292.75,0.006556800935177728,6.556800935177728e-05,0.00649123292582595,sell_signal,31.84138038653191
2019-01-14,855,btc,buy,0.0,3531.96,0.0,0.0,0.0,blocked_by_no_buy,0.0
2019-01-17,858,gold,buy,9.533662938683294e-08,1290.7,0.00012305098754958528,1.2305098754958527e-06,-0.00012428149742508112,buy_reversion,2.3716561342547104e-06
2019-01-18,859,gold,buy,3.563750097472909e-06,1284.2,0.00457656787517471,4.57656787517471e-05,-0.004622333553926457,buy_reversion,8.776349077579855e-05
2019-01-19,860,gold,buy,0.0,1284.2,0.0,0.0,0.0,blocked_by_calendar,0.0
2019-01-20,861,gold,buy,0.0,1284.2,0.0,0.0,0.0,blocked_by_calendar,0.0
2019-01-21,862,btc,buy,0.0,3548.4275,0.0,0.0,0.0,blocked_by_no_buy,0.0
2019-01-21,862,gold,buy,2.3250879650107605e-06,1279.55,0.0029750663056295184,2.9750663056295184e-05,-0.0030048169686858134,buy_reversion,5.684542604634595e-05
2019-01-22,863,btc,buy,0.0,3540.02,0.0,0.0,0.0,blocked_by_no_buy,0.0
2019-01-22,863,gold,buy,9.799332665066875e-08,1282.1,0.0001256372440988224,1.2563724409882242e-06,-0.00012689361653981063,buy_reversion,2.405371227708897e-06
2019-01-23,864,btc,buy,0.0,3587.35,0.0,0.0,0.0,blocked_by_no_buy,0.0
2019-01-23,864,gold,buy,4.5849942827333957e-07,1279.8,0.0005867875683042199,5.867875683042199e-06,-0.0005926554439872622,buy_reversion,1.1214110431724422e-05
2019-01-24,865,btc,buy,0.0,3566.4,0.0,0.0,0.0,blocked_by_no_buy,0.0
2019-01-27,868,btc,buy,0.0,3576.3,0.0,0.0,0.0,blocked_by_no_buy,0.0
2019-01-28,869,btc,buy,0.0,3554.5,0.0,0.0,0.0,blocked_by_no_buy,0.0
2019-01-29,870,btc,buy,0.0,3448.58,0.0,0.0,0.0,blocked_by_no_buy,0.0
2019-01-30,871,gold,sell,0.0,1310.7,0.0,0.0,0.0,blocked_by_hold,0.0
2019-01-30,871,btc,buy,0.0,3421.6,0.0,0.0,0.0,blocked_by_no_buy,0.0
2019-01-31,872,gold,sell,0.0,1323.25,0.0,0.0,0.0,blocked_by_hold,0.0
2019-01-31,872,btc,buy,0.0,3470.0,0.0,0.0,0.0,blocked_by_no_buy,0.0
2019-02-01,873,gold,sell,0.0,1318.7,0.0,0.0,0.0,blocked_by_hold,0.0
2019-02-01,873,btc,buy,0.0,3444.81,0.0,0.0,0.0,blocked_by_no_buy,0.0
2019-02-02,874,gold,sell,0.0,1318.7,0.0,0.0,0.0,blocked_by_calendar,0.0
2019-02-03,875,gold,sell,0.0,1318.7,0.0,0.0,0.0,blocked_by_calendar,0.0
2019-02-04,876,btc,buy,0.0,3456.02,0.0,0.0,0.0,blocked_by_no_buy,0.0
2019-02-04,876,gold,buy,2.944022079572514e-06,1312.15,0.0038629985717110746,3.8629985717110745e-05,-0.0039016285574281855,buy_reversion,7.569198404948741e-05
2019-02-05,877,btc,buy,0.0,3452.35,0.0,0.0,0.0,blocked_by_no_buy,0.0
2019-02-05,877,gold,buy,5.56627303958682e-07,1314.2,0.0007315196028624999,7.315196028624999e-06,-0.0007388347988911249,buy_reversion,1.4355870806907601e-05
2019-02-06,878,btc,buy,0.0,3467.34,0.0,0.0,0.0,blocked_by_no_buy,0.0
2019-02-06,878,gold,buy,7.931013007754322e-07,1312.4,0.0010408661471376774,1.0408661471376773e-05,-0.0010512748086090541,buy_reversion,2.0398736282439342e-05
2019-02-07,879,btc,buy,0.0,3405.7,0.0,0.0,0.0,blocked_by_no_buy,0.0
2019-02-07,879,gold,buy,1.0817749723370262e-06,1310.0,0.0014171252137615044,1.4171252137615044e-05,-0.0014312964658991195,buy_reversion,2.7721820477503566e-05
2019-02-08,880,btc,buy,0.0,3394.76,0.0,0.0,0.0,blocked_by_no_buy,0.0
2019-02-11,883,gold,buy,1.9739488253832352e-06,1306.4,0.0025787667454806587,2.5787667454806586e-05,-0.002604554412935465,buy_reversion,5.030724698511103e-05
2019-02-12,884,gold,buy,5.759518978520157e-07,1310.0,0.0007544969861861406,7.544969861861406e-06,-0.000762041956048002,buy_reversion,1.475948801430064e-05
2019-02-13,885,btc,buy,1.843577523511156,3632.42,6696.647867952393,133.93295735904786,-6830.580825311441,buy_reversion,809.7818777777412
2019-02-18,890,gold,sell,0.0,1325.5,0.0,0.0,0.0,blocked_by_hold,0.0
2019-02-19,891,btc,sell,0.0,3910.8,0.0,0.0,0.0,blocked_by_hold,0.0
2019-02-20,892,btc,sell,0.0,3926.53,0.0,0.0,0.0,blocked_by_hold,0.0
2019-02-21,893,gold,sell,0.0,1331.25,0.0,0.0,0.0,blocked_by_hold,0.0
2019-02-21,893,btc,sell,0.0,3987.18,0.0,0.0,0.0,blocked_by_hold,0.0
2019-02-22,894,gold,sell,0.0,1329.05,0.0,0.0,0.0,blocked_by_hold,0.0
2019-02-22,894,btc,sell,0.0,3944.88,0.0,0.0,0.0,blocked_by_hold,0.0
2019-02-23,895,gold,sell,0.0,1329.05,0.0,0.0,0.0,blocked_by_calendar,0.0
2019-02-23,895,btc,sell,0.0,3983.48,0.0,0.0,0.0,blocked_by_hold,0.0
2019-02-24,896,gold,sell,0.0,1329.05,0.0,0.0,0.0,blocked_by_calendar,0.0
2019-02-24,896,btc,sell,0.0,4139.6,0.0,0.0,0.0,blocked_by_hold,0.0
2019-03-02,902,gold,sell,0.0,1311.95,0.0,0.0,0.0,blocked_by_calendar,0.0
2019-03-03,903,gold,sell,0.0,1311.95,0.0,0.0,0.0,blocked_by_calendar,0.0
2019-03-09,909,gold,sell,0.0,1296.75,0.0,0.0,0.0,blocked_by_calendar,0.0
2019-03-10,910,gold,sell,0.0,1296.75,0.0,0.0,0.0,blocked_by_calendar,0.0
2019-03-16,916,gold,sell,0.0,1303.5,0.0,0.0,0.0,blocked_by_calendar,0.0
2019-03-17,917,gold,sell,0.0,1303.5,0.0,0.0,0.0,blocked_by_calendar,0.0
2019-03-23,923,gold,sell,0.0,1311.3,0.0,0.0,0.0,blocked_by_calendar,0.0
2019-03-24,924,gold,sell,0.0,1311.3,0.0,0.0,0.0,blocked_by_calendar,0.0
2019-03-30,930,gold,sell,0.0,1295.4,0.0,0.0,0.0,blocked_by_calendar,0.0
2019-03-31,931,gold,sell,0.0,1295.4,0.0,0.0,0.0,blocked_by_calendar,0.0
2019-04-06,937,gold,sell,0.0,1288.45,0.0,0.0,0.0,blocked_by_calendar,0.0
2019-04-07,938,gold,sell,0.0,1288.45,0.0,0.0,0.0,blocked_by_calendar,0.0
2019-04-13,944,gold,sell,0.0,1294.3,0.0,0.0,0.0,blocked_by_calendar,0.0
2019-04-14,945,gold,sell,0.0,1294.3,0.0,0.0,0.0,blocked_by_calendar,0.0
2019-04-19,950,gold,sell,0.0,1275.7,0.0,0.0,0.0,blocked_by_calendar,0.0
2019-04-20,951,gold,sell,0.0,1275.7,0.0,0.0,0.0,blocked_by_calendar,0.0
2019-04-21,952,gold,sell,0.0,1275.7,0.0,0.0,0.0,blocked_by_calendar,0.0
2019-04-22,953,gold,sell,0.0,1275.7,0.0,0.0,0.0,blocked_by_calendar,0.0
2019-04-27,958,gold,sell,0.0,1284.2,0.0,0.0,0.0,blocked_by_calendar,0.0
2019-04-28,959,gold,sell,0.0,1284.2,0.0,0.0,0.0,blocked_by_calendar,0.0
2019-05-04,965,gold,sell,0.0,1278.55,0.0,0.0,0.0,blocked_by_calendar,0.0
2019-05-05,966,gold,sell,0.0,1278.55,0.0,0.0,0.0,blocked_by_calendar,0.0
2019-05-06,967,gold,sell,0.0,1278.55,0.0,0.0,0.0,blocked_by_calendar,0.0
2019-05-11,972,gold,sell,0.0,1287.1,0.0,0.0,0.0,blocked_by_calendar,0.0
2019-05-12,973,gold,sell,0.0,1287.1,0.0,0.0,0.0,blocked_by_calendar,0.0
2019-05-18,979,gold,sell,0.0,1280.8,0.0,0.0,0.0,blocked_by_calendar,0.0
2019-05-19,980,gold,sell,0.0,1280.8,0.0,0.0,0.0,blocked_by_calendar,0.0
2019-05-19,980,btc,sell,1.843577523511156,7265.05,13393.682887184725,267.8736577436945,13125.80922944103,extreme_sell,-727.6399999999994
2019-05-25,986,gold,sell,0.0,1282.5,0.0,0.0,0.0,blocked_by_calendar,0.0
2019-05-26,987,gold,sell,0.0,1282.5,0.0,0.0,0.0,blocked_by_calendar,0.0
2019-05-27,988,gold,sell,0.0,1282.5,0.0,0.0,0.0,blocked_by_calendar,0.0
2019-06-01,993,gold,sell,0.0,1295.55,0.0,0.0,0.0,blocked_by_calendar,0.0
2019-06-02,994,gold,sell,0.0,1295.55,0.0,0.0,0.0,blocked_by_calendar,0.0
2019-06-08,1000,gold,sell,0.0,1340.65,0.0,0.0,0.0,blocked_by_calendar,0.0
2019-06-09,1001,gold,sell,0.0,1340.65,0.0,0.0,0.0,blocked_by_calendar,0.0
2019-06-15,1007,gold,sell,0.0,1351.25,0.0,0.0,0.0,blocked_by_calendar,0.0
2019-06-16,1008,gold,sell,0.0,1351.25,0.0,0.0,0.0,blocked_by_calendar,0.0
2019-06-22,1014,gold,sell,0.0,1397.15,0.0,0.0,0.0,blocked_by_calendar,0.0
2019-06-23,1015,gold,sell,0.0,1397.15,0.0,0.0,0.0,blocked_by_calendar,0.0
2019-06-29,1021,gold,sell,0.0,1409.0,0.0,0.0,0.0,blocked_by_calendar,0.0
2019-06-30,1022,gold,sell,0.0,1409.0,0.0,0.0,0.0,blocked_by_calendar,0.0
2019-07-06,1028,gold,sell,0.0,1388.65,0.0,0.0,0.0,blocked_by_calendar,0.0
2019-07-07,1029,gold,sell,0.0,1388.65,0.0,0.0,0.0,blocked_by_calendar,0.0
2019-07-13,1035,gold,sell,0.0,1407.6,0.0,0.0,0.0,blocked_by_calendar,0.0
2019-07-14,1036,gold,sell,0.0,1407.6,0.0,0.0,0.0,blocked_by_calendar,0.0
2019-07-20,1042,gold,sell,0.0,1439.7,0.0,0.0,0.0,blocked_by_calendar,0.0
2019-07-21,1043,gold,sell,0.0,1439.7,0.0,0.0,0.0,blocked_by_calendar,0.0
2019-07-27,1049,gold,sell,0.0,1420.4,0.0,0.0,0.0,blocked_by_calendar,0.0
2019-07-28,1050,gold,sell,0.0,1420.4,0.0,0.0,0.0,blocked_by_calendar,0.0
2019-08-03,1056,gold,sell,0.0,1441.75,0.0,0.0,0.0,blocked_by_calendar,0.0
2019-08-04,1057,gold,sell,0.0,1441.75,0.0,0.0,0.0,blocked_by_calendar,0.0
2019-08-10,1063,gold,sell,0.0,1497.7,0.0,0.0,0.0,blocked_by_calendar,0.0
2019-08-11,1064,gold,sell,0.0,1497.7,0.0,0.0,0.0,blocked_by_calendar,0.0
2019-08-17,1070,gold,sell,0.0,1515.25,0.0,0.0,0.0,blocked_by_calendar,0.0
2019-08-18,1071,gold,sell,0.0,1515.25,0.0,0.0,0.0,blocked_by_calendar,0.0
2019-08-24,1077,gold,sell,0.0,1503.8,0.0,0.0,0.0,blocked_by_calendar,0.0
2019-08-25,1078,gold,sell,0.0,1503.8,0.0,0.0,0.0,blocked_by_calendar,0.0
2019-08-26,1079,gold,sell,0.0,1503.8,0.0,0.0,0.0,blocked_by_calendar,0.0
2019-08-31,1084,gold,sell,0.0,1528.4,0.0,0.0,0.0,blocked_by_calendar,0.0
2019-09-01,1085,gold,sell,0.0,1528.4,0.0,0.0,0.0,blocked_by_calendar,0.0
2019-09-07,1091,gold,sell,0.0,1523.7,0.0,0.0,0.0,blocked_by_calendar,0.0
2019-09-08,1092,gold,sell,0.0,1523.7,0.0,0.0,0.0,blocked_by_calendar,0.0
2019-09-14,1098,gold,sell,0.0,1503.1,0.0,0.0,0.0,blocked_by_calendar,0.0
2019-09-15,1099,gold,sell,0.0,1503.1,0.0,0.0,0.0,blocked_by_calendar,0.0
2019-09-21,1105,gold,sell,0.0,1501.9,0.0,0.0,0.0,blocked_by_calendar,0.0
2019-09-22,1106,gold,sell,0.0,1501.9,0.0,0.0,0.0,blocked_by_calendar,0.0
2019-09-28,1112,gold,sell,0.0,1489.9,0.0,0.0,0.0,blocked_by_calendar,0.0
2019-09-29,1113,gold,sell,0.0,1489.9,0.0,0.0,0.0,blocked_by_calendar,0.0
2019-10-05,1119,gold,sell,0.0,1499.15,0.0,0.0,0.0,blocked_by_calendar,0.0
2019-10-06,1120,gold,sell,0.0,1499.15,0.0,0.0,0.0,blocked_by_calendar,0.0
2019-10-12,1126,gold,sell,0.0,1479.15,0.0,0.0,0.0,blocked_by_calendar,0.0
2019-10-13,1127,gold,sell,0.0,1479.15,0.0,0.0,0.0,blocked_by_calendar,0.0
2019-10-19,1133,gold,sell,0.0,1490.0,0.0,0.0,0.0,blocked_by_calendar,0.0
2019-10-20,1134,gold,sell,0.0,1490.0,0.0,0.0,0.0,blocked_by_calendar,0.0
2019-10-26,1140,gold,sell,0.0,1513.45,0.0,0.0,0.0,blocked_by_calendar,0.0
2019-10-27,1141,gold,sell,0.0,1513.45,0.0,0.0,0.0,blocked_by_calendar,0.0
2019-11-02,1147,gold,sell,0.0,1508.8,0.0,0.0,0.0,blocked_by_calendar,0.0
2019-11-03,1148,gold,sell,0.0,1508.8,0.0,0.0,0.0,blocked_by_calendar,0.0
2019-11-09,1154,gold,sell,0.0,1464.15,0.0,0.0,0.0,blocked_by_calendar,0.0
2019-11-10,1155,gold,sell,0.0,1464.15,0.0,0.0,0.0,blocked_by_calendar,0.0
2019-11-16,1161,gold,sell,0.0,1466.9,0.0,0.0,0.0,blocked_by_calendar,0.0
2019-11-17,1162,gold,sell,0.0,1466.9,0.0,0.0,0.0,blocked_by_calendar,0.0
2019-11-23,1168,gold,sell,0.0,1464.45,0.0,0.0,0.0,blocked_by_calendar,0.0
2019-11-24,1169,gold,sell,0.0,1464.45,0.0,0.0,0.0,blocked_by_calendar,0.0
2019-11-30,1175,gold,sell,0.0,1460.15,0.0,0.0,0.0,blocked_by_calendar,0.0
2019-12-01,1176,gold,sell,0.0,1460.15,0.0,0.0,0.0,blocked_by_calendar,0.0
2019-12-07,1182,gold,sell,0.0,1459.65,0.0,0.0,0.0,blocked_by_calendar,0.0
2019-12-08,1183,gold,sell,0.0,1459.65,0.0,0.0,0.0,blocked_by_calendar,0.0
2019-12-14,1189,gold,sell,0.0,1466.6,0.0,0.0,0.0,blocked_by_calendar,0.0
2019-12-15,1190,gold,sell,0.0,1466.6,0.0,0.0,0.0,blocked_by_calendar,0.0
2019-12-21,1196,gold,sell,0.0,1479.0,0.0,0.0,0.0,blocked_by_calendar,0.0
2019-12-22,1197,gold,sell,0.0,1479.0,0.0,0.0,0.0,blocked_by_calendar,0.0
2019-12-24,1199,gold,sell,0.0,1482.1,0.0,0.0,0.0,blocked_by_calendar,0.0
2019-12-25,1200,gold,sell,0.0,1482.1,0.0,0.0,0.0,blocked_by_calendar,0.0
2019-12-26,1201,gold,sell,0.0,1482.1,0.0,0.0,0.0,blocked_by_calendar,0.0
2019-12-28,1203,gold,sell,0.0,1511.5,0.0,0.0,0.0,blocked_by_calendar,0.0
2019-12-29,1204,gold,sell,0.0,1511.5,0.0,0.0,0.0,blocked_by_calendar,0.0
2019-12-31,1206,gold,sell,0.0,1514.75,0.0,0.0,0.0,blocked_by_calendar,0.0
2020-01-01,1207,gold,sell,0.0,1514.75,0.0,0.0,0.0,blocked_by_calendar,0.0
2020-01-04,1210,gold,sell,0.0,1548.75,0.0,0.0,0.0,blocked_by_calendar,0.0
2020-01-05,1211,gold,sell,0.0,1548.75,0.0,0.0,0.0,blocked_by_calendar,0.0
2020-01-11,1217,gold,sell,0.0,1553.6,0.0,0.0,0.0,blocked_by_calendar,0.0
2020-01-12,1218,gold,sell,0.0,1553.6,0.0,0.0,0.0,blocked_by_calendar,0.0
2020-01-18,1224,gold,sell,0.0,1557.6,0.0,0.0,0.0,blocked_by_calendar,0.0
2020-01-19,1225,gold,sell,0.0,1557.6,0.0,0.0,0.0,blocked_by_calendar,0.0
2020-01-25,1231,gold,sell,0.0,1564.3,0.0,0.0,0.0,blocked_by_calendar,0.0
2020-01-26,1232,gold,sell,0.0,1564.3,0.0,0.0,0.0,blocked_by_calendar,0.0
2020-02-01,1238,gold,sell,0.0,1584.2,0.0,0.0,0.0,blocked_by_calendar,0.0
2020-02-02,1239,gold,sell,0.0,1584.2,0.0,0.0,0.0,blocked_by_calendar,0.0
2020-02-08,1245,gold,sell,0.0,1572.65,0.0,0.0,0.0,blocked_by_calendar,0.0
2020-02-09,1246,gold,sell,0.0,1572.65,0.0,0.0,0.0,blocked_by_calendar,0.0
2020-02-15,1252,gold,sell,0.0,1581.4,0.0,0.0,0.0,blocked_by_calendar,0.0
2020-02-16,1253,gold,sell,0.0,1581.4,0.0,0.0,0.0,blocked_by_calendar,0.0
2020-02-22,1259,gold,sell,0.0,1643.3,0.0,0.0,0.0,blocked_by_calendar,0.0
2020-02-23,1260,gold,sell,0.0,1643.3,0.0,0.0,0.0,blocked_by_calendar,0.0
2020-02-29,1266,gold,sell,0.0,1609.85,0.0,0.0,0.0,blocked_by_calendar,0.0
2020-03-01,1267,gold,sell,0.0,1609.85,0.0,0.0,0.0,blocked_by_calendar,0.0
2020-03-07,1273,gold,sell,0.0,1683.65,0.0,0.0,0.0,blocked_by_calendar,0.0
2020-03-08,1274,gold,sell,0.0,1683.65,0.0,0.0,0.0,blocked_by_calendar,0.0
2020-03-14,1280,gold,sell,0.0,1562.8,0.0,0.0,0.0,blocked_by_calendar,0.0
2020-03-15,1281,gold,sell,0.0,1562.8,0.0,0.0,0.0,blocked_by_calendar,0.0
2020-03-16,1282,gold,sell,1.4466093826673415e-05,1487.7,0.02152120778594204,0.0002152120778594204,0.02130599570808262,extreme_sell,-83.0
2020-03-17,1283,gold,buy,0.0,1536.2,0.0,0.0,0.0,blocked_by_no_buy,0.0
2020-03-17,1283,btc,buy,2.5847578417893082,5026.35,12991.897578077691,259.83795156155384,-13251.735529639245,buy_reversion,25898.035755111116
2020-03-18,1284,btc,sell,0.0,5357.61,0.0,0.0,0.0,blocked_by_hold,0.0
2020-03-18,1284,gold,buy,0.0,1498.2,0.0,0.0,0.0,blocked_by_no_buy,0.0
2020-03-19,1285,btc,sell,0.0,5410.23,0.0,0.0,0.0,blocked_by_hold,0.0
2020-03-20,1286,btc,sell,0.0,6195.2,0.0,0.0,0.0,blocked_by_hold,0.0
2020-03-21,1287,btc,sell,0.0,6226.44,0.0,0.0,0.0,blocked_by_hold,0.0
2020-03-22,1288,btc,sell,0.0,6189.85,0.0,0.0,0.0,blocked_by_hold,0.0
2020-03-23,1289,btc,sell,0.0,5822.62,0.0,0.0,0.0,blocked_by_hold,0.0
2020-03-24,1290,btc,sell,0.0,6502.16,0.0,0.0,0.0,blocked_by_hold,0.0
2020-03-25,1291,btc,sell,0.0,6768.49,0.0,0.0,0.0,blocked_by_hold,0.0
2020-03-26,1292,btc,sell,0.0,6698.46,0.0,0.0,0.0,blocked_by_hold,0.0
2020-03-27,1293,btc,sell,0.0,6763.75,0.0,0.0,0.0,blocked_by_hold,0.0
2020-03-28,1294,btc,sell,0.0,6369.09,0.0,0.0,0.0,blocked_by_hold,0.0
2020-03-30,1296,btc,sell,2.5847578417893082,5885.41,15212.359649645212,304.2471929929042,14908.112456652309,extreme_sell,-813.0500000000002
2020-03-31,1297,gold,buy,0.0,1608.95,0.0,0.0,0.0,blocked_by_no_buy,0.0
2020-03-31,1297,btc,buy,0.0,6405.29,0.0,0.0,0.0,blocked_by_no_buy,0.0
2020-04-01,1298,gold,buy,0.0,1576.55,0.0,0.0,0.0,blocked_by_no_buy,0.0
2020-04-11,1308,btc,buy,0.0,6873.24,0.0,0.0,0.0,blocked_by_no_buy,0.0
2020-04-12,1309,btc,buy,0.0,6891.6,0.0,0.0,0.0,blocked_by_no_buy,0.0
2020-04-13,1310,gold,buy,0.0,1680.65,0.0,0.0,0.0,blocked_by_no_buy,0.0
2020-04-13,1310,btc,buy,0.0,6915.37,0.0,0.0,0.0,blocked_by_no_buy,0.0
2020-04-13,1310,gold,buy,0.0,1680.65,0.0,0.0,0.0,blocked_by_calendar,0.0
2020-04-14,1311,btc,buy,0.0,6857.66,0.0,0.0,0.0,blocked_by_no_buy,0.0
2020-04-15,1312,btc,buy,0.0,6871.95,0.0,0.0,0.0,blocked_by_no_buy,0.0
2020-04-16,1313,btc,buy,0.0,6623.8,0.0,0.0,0.0,blocked_by_no_buy,0.0
2020-04-17,1314,gold,buy,1.106024862143665e-05,1692.55,0.0187200238042126,0.00018720023804212602,-0.018907224042254728,buy_reversion,0.00021630244762827603
2020-04-18,1315,gold,buy,0.0,1692.55,0.0,0.0,0.0,blocked_by_calendar,0.0
2020-04-19,1316,gold,buy,0.0,1692.55,0.0,0.0,0.0,blocked_by_calendar,0.0
2020-04-20,1317,gold,buy,9.870639842737682e-06,1686.2,0.01664387290282428,0.0001664387290282428,-0.016810311631852523,buy_reversion,0.00019159208617870862
2020-04-21,1318,btc,buy,0.0,6840.24,0.0,0.0,0.0,blocked_by_no_buy,0.0
2020-04-21,1318,gold,buy,2.3855445117655374e-06,1682.05,0.004012605146015222,4.012605146015222e-05,-0.004052731197475374,buy_reversion,4.6076546018549985e-05
2020-04-22,1319,gold,sell,0.0,1710.55,0.0,0.0,0.0,blocked_by_hold,0.0
2020-04-23,1320,gold,sell,0.0,1736.25,0.0,0.0,0.0,blocked_by_hold,0.0
2020-04-24,1321,gold,sell,0.0,1715.9,0.0,0.0,0.0,blocked_by_hold,0.0
2020-04-25,1322,gold,sell,0.0,1715.9,0.0,0.0,0.0,blocked_by_calendar,0.0
2020-04-26,1323,gold,sell,0.0,1715.9,0.0,0.0,0.0,blocked_by_calendar,0.0
2020-04-27,1324,gold,sell,0.0,1714.95,0.0,0.0,0.0,blocked_by_hold,0.0
2020-04-28,1325,gold,sell,0.0,1691.55,0.0,0.0,0.0,blocked_by_hold,0.0
2020-04-29,1326,gold,sell,0.0,1703.35,0.0,0.0,0.0,blocked_by_hold,0.0
2020-04-30,1327,gold,sell,0.0,1702.75,0.0,0.0,0.0,blocked_by_hold,0.0
2020-05-01,1328,gold,sell,0.0,1686.25,0.0,0.0,0.0,blocked_by_hold,0.0
2020-05-02,1329,gold,sell,0.0,1686.25,0.0,0.0,0.0,blocked_by_calendar,0.0
2020-05-03,1330,gold,sell,0.0,1686.25,0.0,0.0,0.0,blocked_by_calendar,0.0
2020-05-08,1335,gold,sell,0.0,1704.05,0.0,0.0,0.0,blocked_by_calendar,0.0
2020-05-09,1336,gold,sell,0.0,1704.05,0.0,0.0,0.0,blocked_by_calendar,0.0
2020-05-10,1337,gold,sell,0.0,1704.05,0.0,0.0,0.0,blocked_by_calendar,0.0
2020-05-16,1343,gold,sell,0.0,1735.35,0.0,0.0,0.0,blocked_by_calendar,0.0
2020-05-17,1344,gold,sell,0.0,1735.35,0.0,0.0,0.0,blocked_by_calendar,0.0
2020-05-23,1350,gold,sell,0.0,1733.55,0.0,0.0,0.0,blocked_by_calendar,0.0
2020-05-24,1351,gold,sell,0.0,1733.55,0.0,0.0,0.0,blocked_by_calendar,0.0
2020-05-25,1352,gold,sell,0.0,1733.55,0.0,0.0,0.0,blocked_by_calendar,0.0
2020-05-30,1357,gold,sell,0.0,1728.7,0.0,0.0,0.0,blocked_by_calendar,0.0
2020-05-31,1358,gold,sell,0.0,1728.7,0.0,0.0,0.0,blocked_by_calendar,0.0
2020-06-06,1364,gold,sell,0.0,1683.45,0.0,0.0,0.0,blocked_by_calendar,0.0
2020-06-07,1365,gold,sell,0.0,1683.45,0.0,0.0,0.0,blocked_by_calendar,0.0
2020-06-13,1371,gold,sell,0.0,1733.5,0.0,0.0,0.0,blocked_by_calendar,0.0
2020-06-14,1372,gold,sell,0.0,1733.5,0.0,0.0,0.0,blocked_by_calendar,0.0
2020-06-20,1378,gold,sell,0.0,1734.75,0.0,0.0,0.0,blocked_by_calendar,0.0
2020-06-21,1379,gold,sell,0.0,1734.75,0.0,0.0,0.0,blocked_by_calendar,0.0
2020-06-27,1385,gold,sell,0.0,1747.6,0.0,0.0,0.0,blocked_by_calendar,0.0
2020-06-28,1386,gold,sell,0.0,1747.6,0.0,0.0,0.0,blocked_by_calendar,0.0
2020-07-04,1392,gold,sell,0.0,1772.9,0.0,0.0,0.0,blocked_by_calendar,0.0
2020-07-05,1393,gold,sell,0.0,1772.9,0.0,0.0,0.0,blocked_by_calendar,0.0
2020-07-11,1399,gold,sell,0.0,1803.1,0.0,0.0,0.0,blocked_by_calendar,0.0
2020-07-12,1400,gold,sell,0.0,1803.1,0.0,0.0,0.0,blocked_by_calendar,0.0
2020-07-18,1406,gold,sell,0.0,1807.35,0.0,0.0,0.0,blocked_by_calendar,0.0
2020-07-19,1407,gold,sell,0.0,1807.35,0.0,0.0,0.0,blocked_by_calendar,0.0
2020-07-25,1413,gold,sell,0.0,1902.1,0.0,0.0,0.0,blocked_by_calendar,0.0
2020-07-26,1414,gold,sell,0.0,1902.1,0.0,0.0,0.0,blocked_by_calendar,0.0
2020-08-01,1420,gold,sell,0.0,1964.9,0.0,0.0,0.0,blocked_by_calendar,0.0
2020-08-02,1421,gold,sell,0.0,1964.9,0.0,0.0,0.0,blocked_by_calendar,0.0
2020-08-08,1427,gold,sell,0.0,2031.15,0.0,0.0,0.0,blocked_by_calendar,0.0
2020-08-09,1428,gold,sell,0.0,2031.15,0.0,0.0,0.0,blocked_by_calendar,0.0
2020-08-15,1434,gold,sell,0.0,1944.75,0.0,0.0,0.0,blocked_by_calendar,0.0
2020-08-16,1435,gold,sell,0.0,1944.75,0.0,0.0,0.0,blocked_by_calendar,0.0
2020-08-22,1441,gold,sell,0.0,1924.35,0.0,0.0,0.0,blocked_by_calendar,0.0
2020-08-23,1442,gold,sell,0.0,1924.35,0.0,0.0,0.0,blocked_by_calendar,0.0
2020-08-29,1448,gold,sell,0.0,1957.35,0.0,0.0,0.0,blocked_by_calendar,0.0
2020-08-30,1449,gold,sell,0.0,1957.35,0.0,0.0,0.0,blocked_by_calendar,0.0
2020-08-31,1450,gold,sell,0.0,1957.35,0.0,0.0,0.0,blocked_by_calendar,0.0
2020-09-05,1455,gold,sell,0.0,1926.3,0.0,0.0,0.0,blocked_by_calendar,0.0
2020-09-06,1456,gold,sell,0.0,1926.3,0.0,0.0,0.0,blocked_by_calendar,0.0
2020-09-12,1462,gold,sell,0.0,1947.4,0.0,0.0,0.0,blocked_by_calendar,0.0
2020-09-13,1463,gold,sell,0.0,1947.4,0.0,0.0,0.0,blocked_by_calendar,0.0
2020-09-19,1469,gold,sell,0.0,1950.85,0.0,0.0,0.0,blocked_by_calendar,0.0
2020-09-20,1470,gold,sell,0.0,1950.85,0.0,0.0,0.0,blocked_by_calendar,0.0
2020-09-26,1476,gold,sell,0.0,1859.7,0.0,0.0,0.0,blocked_by_calendar,0.0
2020-09-27,1477,gold,sell,0.0,1859.7,0.0,0.0,0.0,blocked_by_calendar,0.0
2020-10-03,1483,gold,sell,0.0,1903.05,0.0,0.0,0.0,blocked_by_calendar,0.0
2020-10-04,1484,gold,sell,0.0,1903.05,0.0,0.0,0.0,blocked_by_calendar,0.0
2020-10-10,1490,gold,sell,0.0,1923.25,0.0,0.0,0.0,blocked_by_calendar,0.0
2020-10-11,1491,gold,sell,0.0,1923.25,0.0,0.0,0.0,blocked_by_calendar,0.0
2020-10-17,1497,gold,sell,0.0,1905.05,0.0,0.0,0.0,blocked_by_calendar,0.0
2020-10-18,1498,gold,sell,0.0,1905.05,0.0,0.0,0.0,blocked_by_calendar,0.0
2020-10-24,1504,gold,sell,0.0,1903.65,0.0,0.0,0.0,blocked_by_calendar,0.0
2020-10-25,1505,gold,sell,0.0,1903.65,0.0,0.0,0.0,blocked_by_calendar,0.0
2020-10-31,1511,gold,sell,0.0,1881.85,0.0,0.0,0.0,blocked_by_calendar,0.0
2020-11-01,1512,gold,sell,0.0,1881.85,0.0,0.0,0.0,blocked_by_calendar,0.0
2020-11-07,1518,gold,sell,0.0,1940.8,0.0,0.0,0.0,blocked_by_calendar,0.0
2020-11-08,1519,gold,sell,0.0,1940.8,0.0,0.0,0.0,blocked_by_calendar,0.0
2020-11-14,1525,gold,sell,0.0,1890.9,0.0,0.0,0.0,blocked_by_calendar,0.0
2020-11-15,1526,gold,sell,0.0,1890.9,0.0,0.0,0.0,blocked_by_calendar,0.0
2020-11-21,1532,gold,sell,0.0,1875.7,0.0,0.0,0.0,blocked_by_calendar,0.0
2020-11-22,1533,gold,sell,0.0,1875.7,0.0,0.0,0.0,blocked_by_calendar,0.0
2020-11-24,1535,gold,sell,2.331643297593987e-05,1799.6,0.041960252783501385,0.00041960252783501385,0.04154065025566637,extreme_sell,-76.10000000000014
2020-11-25,1536,gold,buy,0.0,1810.2,0.0,0.0,0.0,blocked_by_no_buy,0.0
2020-11-26,1537,gold,buy,0.0,1807.4,0.0,0.0,0.0,blocked_by_no_buy,0.0
2020-11-27,1538,gold,buy,0.0,1779.3,0.0,0.0,0.0,blocked_by_no_buy,0.0
2020-11-27,1538,btc,buy,0.8540551857729811,17151.44,14648.276275474138,292.96552550948275,-14941.24180098362,buy_reversion,1883123.123207102
2020-11-28,1539,gold,buy,0.0,1779.3,0.0,0.0,0.0,blocked_by_no_buy,0.0
2020-11-28,1539,gold,buy,0.0,1779.3,0.0,0.0,0.0,blocked_by_calendar,0.0
2020-11-29,1540,gold,buy,0.0,1779.3,0.0,0.0,0.0,blocked_by_no_buy,0.0
2020-11-29,1540,gold,buy,0.0,1779.3,0.0,0.0,0.0,blocked_by_calendar,0.0
2020-11-30,1541,btc,sell,0.0,18191.6,0.0,0.0,0.0,blocked_by_hold,0.0
2020-11-30,1541,gold,buy,0.0,1762.55,0.0,0.0,0.0,blocked_by_no_buy,0.0
2020-12-01,1542,btc,sell,0.0,19709.73,0.0,0.0,0.0,blocked_by_hold,0.0
2020-12-02,1543,btc,sell,0.0,18792.52,0.0,0.0,0.0,blocked_by_hold,0.0
2020-12-03,1544,btc,sell,0.0,19226.97,0.0,0.0,0.0,blocked_by_hold,0.0
2020-12-04,1545,btc,sell,0.0,19454.54,0.0,0.0,0.0,blocked_by_hold,0.0
2020-12-05,1546,btc,sell,0.0,18670.49,0.0,0.0,0.0,blocked_by_hold,0.0
2020-12-06,1547,btc,sell,0.0,19155.06,0.0,0.0,0.0,blocked_by_hold,0.0
2020-12-07,1548,btc,sell,0.0,19377.66,0.0,0.0,0.0,blocked_by_hold,0.0
2020-12-08,1549,btc,sell,0.0,19181.41,0.0,0.0,0.0,blocked_by_hold,0.0
2021-01-12,1584,btc,sell,0.8540551857729811,35544.94,30357.34033498947,607.1468066997894,29750.19352828968,extreme_sell,-3941.0999999999985
2021-01-13,1585,btc,buy,0.0,34011.82,0.0,0.0,0.0,blocked_by_no_buy,0.0
2021-01-14,1586,btc,buy,0.0,37393.13,0.0,0.0,0.0,blocked_by_no_buy,0.0
2021-01-14,1586,gold,buy,3.94524147842082e-06,1841.75,0.0072661484928815455,7.266148492881546e-05,-0.007338809977810361,buy_reversion,4.543003498326979e-05
2021-01-15,1587,gold,buy,2.04081392952541e-06,1839.0,0.0037530568163972287,3.7530568163972286e-05,-0.0037905873845612012,buy_reversion,2.34301516904354e-05
2021-01-16,1588,btc,buy,0.0,36828.52,0.0,0.0,0.0,blocked_by_no_buy,0.0
2021-01-16,1588,gold,buy,0.0,1839.0,0.0,0.0,0.0,blocked_by_calendar,0.0
2021-01-17,1589,btc,buy,0.0,36065.2,0.0,0.0,0.0,blocked_by_no_buy,0.0
2021-01-17,1589,gold,buy,0.0,1839.0,0.0,0.0,0.0,blocked_by_calendar,0.0
2021-01-18,1590,btc,buy,0.0,35793.01,0.0,0.0,0.0,blocked_by_no_buy,0.0
2021-01-18,1590,gold,buy,1.4498106695475627e-06,1833.05,0.0026575754478141596,2.6575754478141596e-05,-0.002684151202292301,buy_reversion,1.6537436973611525e-05
2021-01-19,1591,btc,buy,0.0,36632.35,0.0,0.0,0.0,blocked_by_no_buy,0.0
2021-01-19,1591,gold,buy,3.580034132369297e-07,1834.7,0.0006568288622657949,6.56828862265795e-06,-0.0006633971508884529,buy_reversion,4.09096361202949e-06
2021-01-20,1592,gold,sell,0.0,1856.6,0.0,0.0,0.0,blocked_by_hold,0.0
2021-01-21,1593,gold,sell,0.0,1862.1,0.0,0.0,0.0,blocked_by_hold,0.0
2021-01-22,1594,gold,sell,0.0,1852.7,0.0,0.0,0.0,blocked_by_hold,0.0
2021-01-23,1595,gold,sell,0.0,1852.7,0.0,0.0,0.0,blocked_by_calendar,0.0
2021-01-24,1596,gold,sell,0.0,1852.7,0.0,0.0,0.0,blocked_by_calendar,0.0
2021-01-25,1597,gold,sell,0.0,1856.85,0.0,0.0,0.0,blocked_by_hold,0.0
2021-01-26,1598,gold,sell,0.0,1856.6,0.0,0.0,0.0,blocked_by_hold,0.0
2021-01-27,1599,gold,sell,0.0,1843.0,0.0,0.0,0.0,blocked_by_hold,0.0
2021-01-28,1600,gold,sell,0.0,1853.7,0.0,0.0,0.0,blocked_by_hold,0.0
2021-01-29,1601,gold,sell,0.0,1863.8,0.0,0.0,0.0,blocked_by_hold,0.0
2021-01-30,1602,gold,sell,0.0,1863.8,0.0,0.0,0.0,blocked_by_calendar,0.0
2021-01-31,1603,gold,sell,0.0,1863.8,0.0,0.0,0.0,blocked_by_calendar,0.0
2021-02-06,1609,gold,sell,0.0,1802.95,0.0,0.0,0.0,blocked_by_calendar,0.0
2021-02-07,1610,gold,sell,0.0,1802.95,0.0,0.0,0.0,blocked_by_calendar,0.0
2021-02-13,1616,gold,sell,0.0,1816.35,0.0,0.0,0.0,blocked_by_calendar,0.0
2021-02-14,1617,gold,sell,0.0,1816.35,0.0,0.0,0.0,blocked_by_calendar,0.0
2021-02-20,1623,gold,sell,0.0,1786.2,0.0,0.0,0.0,blocked_by_calendar,0.0
2021-02-21,1624,gold,sell,0.0,1786.2,0.0,0.0,0.0,blocked_by_calendar,0.0
2021-02-27,1630,gold,sell,0.0,1742.85,0.0,0.0,0.0,blocked_by_calendar,0.0
2021-02-28,1631,gold,sell,0.0,1742.85,0.0,0.0,0.0,blocked_by_calendar,0.0
2021-03-06,1637,gold,sell,0.0,1696.25,0.0,0.0,0.0,blocked_by_calendar,0.0
2021-03-07,1638,gold,sell,0.0,1696.25,0.0,0.0,0.0,blocked_by_calendar,0.0
2021-03-13,1644,gold,sell,0.0,1704.8,0.0,0.0,0.0,blocked_by_calendar,0.0
2021-03-14,1645,gold,sell,0.0,1704.8,0.0,0.0,0.0,blocked_by_calendar,0.0
2021-03-20,1651,gold,sell,0.0,1735.2,0.0,0.0,0.0,blocked_by_calendar,0.0
2021-03-21,1652,gold,sell,0.0,1735.2,0.0,0.0,0.0,blocked_by_calendar,0.0
2021-03-27,1658,gold,sell,0.0,1731.8,0.0,0.0,0.0,blocked_by_calendar,0.0
2021-03-28,1659,gold,sell,0.0,1731.8,0.0,0.0,0.0,blocked_by_calendar,0.0
2021-04-02,1664,gold,sell,0.0,1726.05,0.0,0.0,0.0,blocked_by_calendar,0.0
2021-04-03,1665,gold,sell,0.0,1726.05,0.0,0.0,0.0,blocked_by_calendar,0.0
2021-04-04,1666,gold,sell,0.0,1726.05,0.0,0.0,0.0,blocked_by_calendar,0.0
2021-04-05,1667,gold,sell,0.0,1726.05,0.0,0.0,0.0,blocked_by_calendar,0.0
2021-04-10,1672,gold,sell,0.0,1741.2,0.0,0.0,0.0,blocked_by_calendar,0.0
2021-04-11,1673,gold,sell,0.0,1741.2,0.0,0.0,0.0,blocked_by_calendar,0.0
2021-04-17,1679,gold,sell,0.0,1774.45,0.0,0.0,0.0,blocked_by_calendar,0.0
2021-04-18,1680,gold,sell,0.0,1774.45,0.0,0.0,0.0,blocked_by_calendar,0.0
2021-04-24,1686,gold,sell,0.0,1781.8,0.0,0.0,0.0,blocked_by_calendar,0.0
2021-04-25,1687,gold,sell,0.0,1781.8,0.0,0.0,0.0,blocked_by_calendar,0.0
2021-05-01,1693,gold,sell,0.0,1767.65,0.0,0.0,0.0,blocked_by_calendar,0.0
2021-05-02,1694,gold,sell,0.0,1767.65,0.0,0.0,0.0,blocked_by_calendar,0.0
2021-05-03,1695,gold,sell,0.0,1767.65,0.0,0.0,0.0,blocked_by_calendar,0.0
2021-05-08,1700,gold,sell,0.0,1836.55,0.0,0.0,0.0,blocked_by_calendar,0.0
2021-05-09,1701,gold,sell,0.0,1836.55,0.0,0.0,0.0,blocked_by_calendar,0.0
2021-05-15,1707,gold,sell,0.0,1838.1,0.0,0.0,0.0,blocked_by_calendar,0.0
2021-05-16,1708,gold,sell,0.0,1838.1,0.0,0.0,0.0,blocked_by_calendar,0.0
2021-05-22,1714,gold,sell,0.0,1875.9,0.0,0.0,0.0,blocked_by_calendar,0.0
2021-05-23,1715,gold,sell,0.0,1875.9,0.0,0.0,0.0,blocked_by_calendar,0.0
2021-05-29,1721,gold,sell,0.0,1899.95,0.0,0.0,0.0,blocked_by_calendar,0.0
2021-05-30,1722,gold,sell,0.0,1899.95,0.0,0.0,0.0,blocked_by_calendar,0.0
2021-05-31,1723,gold,sell,0.0,1899.95,0.0,0.0,0.0,blocked_by_calendar,0.0
2021-06-05,1728,gold,sell,0.0,1890.6,0.0,0.0,0.0,blocked_by_calendar,0.0
2021-06-06,1729,gold,sell,0.0,1890.6,0.0,0.0,0.0,blocked_by_calendar,0.0
2021-06-12,1735,gold,sell,0.0,1881.05,0.0,0.0,0.0,blocked_by_calendar,0.0
2021-06-13,1736,gold,sell,0.0,1881.05,0.0,0.0,0.0,blocked_by_calendar,0.0
2021-06-19,1742,gold,sell,0.0,1773.1,0.0,0.0,0.0,blocked_by_calendar,0.0
2021-06-20,1743,gold,sell,0.0,1773.1,0.0,0.0,0.0,blocked_by_calendar,0.0
2021-06-26,1749,gold,sell,0.0,1786.65,0.0,0.0,0.0,blocked_by_calendar,0.0
2021-06-27,1750,gold,sell,0.0,1786.65,0.0,0.0,0.0,blocked_by_calendar,0.0
2021-07-03,1756,gold,sell,0.0,1786.15,0.0,0.0,0.0,blocked_by_calendar,0.0
2021-07-04,1757,gold,sell,0.0,1786.15,0.0,0.0,0.0,blocked_by_calendar,0.0
2021-07-10,1763,gold,sell,0.0,1806.0,0.0,0.0,0.0,blocked_by_calendar,0.0
2021-07-11,1764,gold,sell,0.0,1806.0,0.0,0.0,0.0,blocked_by_calendar,0.0
2021-07-17,1770,gold,sell,0.0,1824.3,0.0,0.0,0.0,blocked_by_calendar,0.0
2021-07-18,1771,gold,sell,0.0,1824.3,0.0,0.0,0.0,blocked_by_calendar,0.0
2021-07-24,1777,gold,sell,0.0,1799.6,0.0,0.0,0.0,blocked_by_calendar,0.0
2021-07-25,1778,gold,sell,0.0,1799.6,0.0,0.0,0.0,blocked_by_calendar,0.0
2021-07-31,1784,gold,sell,0.0,1825.75,0.0,0.0,0.0,blocked_by_calendar,0.0
2021-08-01,1785,gold,sell,0.0,1825.75,0.0,0.0,0.0,blocked_by_calendar,0.0
2021-08-07,1791,gold,sell,0.0,1762.9,0.0,0.0,0.0,blocked_by_calendar,0.0
2021-08-08,1792,gold,sell,0.0,1762.9,0.0,0.0,0.0,blocked_by_calendar,0.0
2021-08-14,1798,gold,sell,0.0,1773.85,0.0,0.0,0.0,blocked_by_calendar,0.0
2021-08-15,1799,gold,sell,0.0,1773.85,0.0,0.0,0.0,blocked_by_calendar,0.0
2021-08-21,1805,gold,sell,0.0,1779.05,0.0,0.0,0.0,blocked_by_calendar,0.0
2021-08-22,1806,gold,sell,0.0,1779.05,0.0,0.0,0.0,blocked_by_calendar,0.0
2021-08-28,1812,gold,sell,0.0,1798.5,0.0,0.0,0.0,blocked_by_calendar,0.0
2021-08-29,1813,gold,sell,0.0,1798.5,0.0,0.0,0.0,blocked_by_calendar,0.0
2021-08-30,1814,gold,sell,0.0,1798.5,0.0,0.0,0.0,blocked_by_calendar,0.0
2021-09-04,1819,gold,sell,0.0,1823.7,0.0,0.0,0.0,blocked_by_calendar,0.0
2021-09-05,1820,gold,sell,0.0,1823.7,0.0,0.0,0.0,blocked_by_calendar,0.0
2021-09-11,1826,gold,sell,0.0,1794.6,0.0,0.0,0.0,blocked_by_calendar,0.0
