date,gold,btc
2016-09-11,,400.00
2016-09-12,1200.97,405.00
2016-09-13,1201.93,409.96
2016-09-14,1202.89,414.87
2016-09-15,1203.84,419.68
2016-09-16,1204.77,424.38
2016-09-17,,428.94
2016-09-18,,433.33
2016-09-19,1207.48,437.52
2016-09-20,1208.35,441.50
2016-09-21,1209.18,445.24
2016-09-22,1209.99,448.74
2016-09-23,1210.77,451.96
2016-09-24,,454.91
2016-09-25,,457.56
2016-09-26,1212.91,459.92
2016-09-27,1213.56,461.99
2016-09-28,1214.16,463.75
2016-09-29,1214.72,465.22
2016-09-30,1215.24,466.39
2016-10-01,,467.28
2016-10-02,,467.90
2016-10-03,1216.55,468.25
2016-10-04,1216.89,468.37
2016-10-05,1217.20,468.26
2016-10-06,1217.45,467.95
2016-10-07,1217.67,467.47
2016-10-08,,466.82
2016-10-09,,466.05
2016-10-10,1218.05,465.18
2016-10-11,1218.09,464.23
2016-10-12,1218.10,463.25
2016-10-13,1218.06,462.25
2016-10-14,1217.98,461.27
2016-10-15,,460.33
2016-10-16,,459.48
2016-10-17,1217.55,458.72
2016-10-18,1217.35,458.10
2016-10-19,1217.11,457.64
2016-10-20,1216.86,457.37
2016-10-21,1216.57,457.30
2016-10-22,,457.45
2016-10-23,,457.85
2016-10-24,1215.61,458.52
2016-10-25,1215.27,459.45
2016-10-26,1214.91,460.67
2016-10-27,1214.55,462.19
2016-10-28,1214.18,464.00
2016-10-29,,466.12
2016-10-30,,468.53
2016-10-31,1213.09,471.23
2016-11-01,1212.74,474.23
2016-11-02,1212.41,477.50
2016-11-03,1212.08,481.03
2016-11-04,1211.77,484.82
2016-11-05,,488.83
2016-11-06,,493.06
2016-11-07,1210.98,497.48
2016-11-08,1210.77,502.06
2016-11-09,1210.58,506.78
2016-11-10,1210.43,511.62
2016-11-11,1210.31,516.54
2016-11-12,,521.51
2016-11-13,,526.50
2016-11-14,1210.18,531.50
2016-11-15,1210.21,536.45
2016-11-16,1210.28,541.35
2016-11-17,1210.40,546.15
2016-11-18,1210.56,550.82
2016-11-19,,555.35
2016-11-20,,559.71
2016-11-21,1211.30,563.87
2016-11-22,1211.64,567.81
2016-11-23,1212.02,571.51
2016-11-24,1212.44,574.96
2016-11-25,1212.91,578.14
2016-11-26,,581.04
2016-11-27,,583.65
2016-11-28,1214.57,585.96
2016-11-29,1215.20,587.97
2016-11-30,1215.87,589.68
2016-12-01,1216.57,591.10
2016-12-02,1217.31,592.22
2016-12-03,,593.07
2016-12-04,,593.64
2016-12-05,1219.72,593.95
2016-12-06,1220.57,594.03
2016-12-07,1221.45,593.89
2016-12-08,1222.35,593.55
2016-12-09,1223.27,593.03
2016-12-10,,592.36
2016-12-11,,591.57
2016-12-12,1226.11,590.69
2016-12-13,1227.07,589.73
2016-12-14,1228.03,588.74
2016-12-15,1229.00,587.75
2016-12-16,1229.97,586.77
2016-12-17,,585.85
2016-12-18,,585.01
2016-12-19,1232.82,584.27
2016-12-20,1233.74,583.68
2016-12-21,1234.65,583.25
2016-12-22,1235.54,583.00
2016-12-23,1236.41,582.97
2016-12-24,,583.17
2016-12-25,,583.61
2016-12-26,1238.86,584.32
2016-12-27,1239.61,585.30
2016-12-28,1240.34,586.57
2016-12-29,1241.02,588.14
2016-12-30,1241.67,590.00
2016-12-31,,592.16
2017-01-01,,594.62
2017-01-02,1243.39,597.38
2017-01-03,1243.88,600.42
2017-01-04,1244.33,603.74
2017-01-05,1244.73,607.32
2017-01-06,1245.09,611.14
2017-01-07,,615.19
2017-01-08,,619.46
2017-01-09,1245.89,623.90
2017-01-10,1246.07,628.51
2017-01-11,1246.21,633.25
2017-01-12,1246.31,638.10
2017-01-13,1246.36,643.03
2017-01-14,,648.01
2017-01-15,,653.01
2017-01-16,1246.28,658.00
2017-01-17,1246.18,662.95
2017-01-18,1246.04,667.82
2017-01-19,1245.88,672.61
2017-01-20,1245.68,677.26
2017-01-21,,681.76
2017-01-22,,686.09
2017-01-23,1244.92,690.21
2017-01-24,1244.62,694.11
2017-01-25,1244.31,697.77
2017-01-26,1243.97,701.18
2017-01-27,1243.63,704.31
2017-01-28,,707.16
2017-01-29,,709.72
2017-01-30,1242.55,711.98
2017-01-31,1242.18,713.94
2017-02-01,1241.82,715.60
2017-02-02,1241.46,716.97
2017-02-03,1241.10,718.05
2017-02-04,,718.84
2017-02-05,,719.37
2017-02-06,1240.12,719.65
2017-02-07,1239.83,719.69
2017-02-08,1239.56,719.51
2017-02-09,1239.31,719.14
2017-02-10,1239.09,718.59
2017-02-11,,717.90
2017-02-12,,717.09
2017-02-13,1238.61,716.19
2017-02-14,1238.52,715.23
2017-02-15,1238.47,714.24
2017-02-16,1238.45,713.24
2017-02-17,1238.47,712.27
2017-02-18,,711.36
2017-02-19,,710.54
2017-02-20,1238.79,709.83
2017-02-21,1238.98,709.26
2017-02-22,1239.22,708.86
2017-02-23,1239.50,708.65
2017-02-24,1239.83,708.65
2017-02-25,,708.89
2017-02-26,,709.37
2017-02-27,1241.07,710.13
2017-02-28,1241.57,711.16
2017-03-01,1242.11,712.48
2017-03-02,1242.69,714.09
2017-03-03,1243.31,716.01
2017-03-04,,718.22
2017-03-05,,720.73
2017-03-06,1245.40,723.53
2017-03-07,1246.16,726.62
2017-03-08,1246.96,729.98
2017-03-09,1247.78,733.61
2017-03-10,1248.63,737.47
2017-03-11,,741.56
2017-03-12,,745.86
2017-03-13,1251.32,750.33
2017-03-14,1252.25,754.96
2017-03-15,1253.19,759.73
2017-03-16,1254.14,764.59
2017-03-17,1255.10,769.53
2017-03-18,,774.51
2017-03-19,,779.51
2017-03-20,1258.00,784.50
2017-03-21,1258.96,789.44
2017-03-22,1259.92,794.30
2017-03-23,1260.86,799.06
2017-03-24,1261.79,803.69
2017-03-25,,808.17
2017-03-26,,812.46
2017-03-27,1264.47,816.55
2017-03-28,1265.32,820.41
2017-03-29,1266.14,824.03
2017-03-30,1266.94,827.39
2017-03-31,1267.70,830.47
2017-04-01,,833.27
2017-04-02,,835.78
2017-04-03,1269.79,837.99
2017-04-04,1270.41,839.90
2017-04-05,1271.00,841.52
2017-04-06,1271.54,842.83
2017-04-07,1272.04,843.86
2017-04-08,,844.61
2017-04-09,,845.10
2017-04-10,1273.28,845.33
2017-04-11,1273.60,845.33
2017-04-12,1273.88,845.12
2017-04-13,1274.12,844.72
2017-04-14,1274.31,844.15
2017-04-15,,843.44
2017-04-16,,842.61
2017-04-17,1274.63,841.70
2017-04-18,1274.65,840.73
2017-04-19,1274.63,839.73
2017-04-20,1274.57,838.74
2017-04-21,1274.48,837.78
2017-04-22,,836.88
2017-04-23,,836.07
2017-04-24,1274.00,835.38
2017-04-25,1273.78,834.84
2017-04-26,1273.54,834.47
2017-04-27,1273.26,834.30
2017-04-28,1272.97,834.34
2017-04-29,,834.61
2017-04-30,,835.14
2017-05-01,1271.99,835.94
2017-05-02,1271.64,837.02
2017-05-03,1271.28,838.39
2017-05-04,1270.91,840.06
2017-05-05,1270.55,842.02
2017-05-06,,844.29
2017-05-07,,846.85
2017-05-08,1269.47,849.70
2017-05-09,1269.12,852.83
2017-05-10,1268.79,856.24
2017-05-11,1268.47,859.90
2017-05-12,1268.18,863.81
2017-05-13,,867.93
2017-05-14,,872.26
2017-05-15,1267.42,876.76
2017-05-16,1267.22,881.42
2017-05-17,1267.05,886.20
2017-05-18,1266.92,891.08
2017-05-19,1266.82,896.03
2017-05-20,,901.02
2017-05-21,,906.02
2017-05-22,1266.74,910.99
2017-05-23,1266.79,915.92
2017-05-24,1266.89,920.77
2017-05-25,1267.02,925.51
2017-05-26,1267.21,930.12
2017-05-27,,934.57
2017-05-28,,938.82
2017-05-29,1268.01,942.88
2017-05-30,1268.37,946.70
2017-05-31,1268.78,950.28
2017-06-01,1269.22,953.59
2017-06-02,1269.71,956.63
2017-06-03,,959.38
2017-06-04,,961.84
2017-06-05,1271.43,964.00
2017-06-06,1272.08,965.86
2017-06-07,1272.77,967.42
2017-06-08,1273.49,968.69
2017-06-09,1274.25,969.67
2017-06-10,,970.38
2017-06-11,,970.82
2017-06-12,1276.70,971.01
2017-06-13,1277.56,970.98
2017-06-14,1278.45,970.73
2017-06-15,1279.36,970.30
2017-06-16,1280.29,969.70
2017-06-17,,968.97
2017-06-18,,968.13
2017-06-19,1283.14,967.20
2017-06-20,1284.10,966.23
2017-06-21,1285.07,965.23
2017-06-22,1286.04,964.24
2017-06-23,1287.00,963.29
2017-06-24,,962.40
2017-06-25,,961.61
2017-06-26,1289.83,960.95
2017-06-27,1290.75,960.43
2017-06-28,1291.65,960.09
2017-06-29,1292.53,959.95
2017-06-30,1293.39,960.03
2017-07-01,,960.35
2017-07-02,,960.92
2017-07-03,1295.79,961.77
2017-07-04,1296.53,962.90
2017-07-05,1297.24,964.32
2017-07-06,1297.91,966.03
2017-07-07,1298.54,968.05
2017-07-08,,970.36
2017-07-09,,972.97
2017-07-10,1300.19,975.87
2017-07-11,1300.66,979.05
2017-07-12,1301.08,982.50
2017-07-13,1301.46,986.21
2017-07-14,1301.80,990.15
2017-07-15,,994.31
2017-07-16,,998.67
2017-07-17,1302.54,1003.20
2017-07-18,1302.70,1007.88
2017-07-19,1302.81,1012.68
2017-07-20,1302.89,1017.57
2017-07-21,1302.92,1022.53
2017-07-22,,1027.52
2017-07-23,,1032.52
2017-07-24,1302.78,1037.49
2017-07-25,1302.66,1042.41
2017-07-26,1302.51,1047.24
2017-07-27,1302.33,1051.96
2017-07-28,1302.11,1056.54
2017-07-29,,1060.96
2017-07-30,,1065.19
2017-07-31,1301.32,1069.20
2017-08-01,1301.01,1072.98
2017-08-02,1300.69,1076.52
2017-08-03,1300.35,1079.78
2017-08-04,1300.00,1082.78
2017-08-05,,1085.48
2017-08-06,,1087.89
2017-08-07,1298.91,1090.00
2017-08-08,1298.55,1091.81
2017-08-09,1298.18,1093.32
2017-08-10,1297.83,1094.54
2017-08-11,1297.48,1095.47
2017-08-12,,1096.13
2017-08-13,,1096.53
2017-08-14,1296.52,1096.69
2017-08-15,1296.24,1096.61
2017-08-16,1295.98,1096.33
2017-08-17,1295.75,1095.87
2017-08-18,1295.54,1095.25
2017-08-19,,1094.50
2017-08-20,,1093.64
2017-08-21,1295.11,1092.71
2017-08-22,1295.04,1091.72
2017-08-23,1295.00,1090.73
2017-08-24,1295.00,1089.74
2017-08-25,1295.05,1088.80
2017-08-26,,1087.93
2017-08-27,,1087.15
2017-08-28,1295.43,1086.51
2017-08-29,1295.65,1086.02
2017-08-30,1295.90,1085.72
2017-08-31,1296.21,1085.61
2017-09-01,1296.55,1085.73
2017-09-02,,1086.09
2017-09-03,,1086.71
2017-09-04,1297.86,1087.60
2017-09-05,1298.38,1088.78
2017-09-06,1298.94,1090.25
2017-09-07,1299.55,1092.01
2017-09-08,1300.19,1094.08
2017-09-09,,1096.44
2017-09-10,,1099.10
2017-09-11,1302.33,1102.05
2017-09-12,1303.11,1105.28
2017-09-13,1303.92,1108.77
2017-09-14,1304.76,1112.52
2017-09-15,1305.62,1116.50
2017-09-16,,1120.69
2017-09-17,,1125.08
2017-09-18,1308.33,1129.64
2017-09-19,1309.27,1134.34
2017-09-20,1310.22,1139.16
2017-09-21,1311.18,1144.07
2017-09-22,1312.14,1149.03
2017-09-23,,1154.03
2017-09-24,,1159.02
2017-09-25,1315.04,1163.99
2017-09-26,1315.99,1168.89
2017-09-27,1316.94,1173.71
2017-09-28,1317.88,1178.41
2017-09-29,1318.80,1182.96
2017-09-30,,1187.35
2017-10-01,,1191.54
2017-10-02,1321.45,1195.52
2017-10-03,1322.29,1199.26
2017-10-04,1323.10,1202.75
2017-10-05,1323.88,1205.97
2017-10-06,1324.63,1208.91
2017-10-07,,1211.57
2017-10-08,,1213.93
2017-10-09,1326.66,1215.99
2017-10-10,1327.26,1217.75
2017-10-11,1327.82,1219.21
2017-10-12,1328.34,1220.38
2017-10-13,1328.82,1221.27
2017-10-14,,1221.88
2017-10-15,,1222.24
2017-10-16,1329.99,1222.35
2017-10-17,1330.30,1222.24
2017-10-18,1330.55,1221.93
2017-10-19,1330.77,1221.44
2017-10-20,1330.94,1220.80
2017-10-21,,1220.02
2017-10-22,,1219.15
2017-10-23,1331.19,1218.21
2017-10-24,1331.19,1217.22
2017-10-25,1331.16,1216.22
2017-10-26,1331.08,1215.24
2017-10-27,1330.97,1214.31
2017-10-28,,1213.45
2017-10-29,,1212.70
2017-10-30,1330.44,1212.08
2017-10-31,1330.21,1211.62
2017-11-01,1329.95,1211.35
2017-11-02,1329.67,1211.28
2017-11-03,1329.36,1211.44
2017-11-04,,1211.84
2017-11-05,,1212.50
2017-11-06,1328.36,1213.44
2017-11-07,1328.01,1214.67
2017-11-08,1327.64,1216.19
2017-11-09,1327.28,1218.00
2017-11-10,1326.91,1220.12
2017-11-11,,1222.53
2017-11-12,,1225.24
2017-11-13,1325.84,1228.24
2017-11-14,1325.50,1231.51
2017-11-15,1325.18,1235.05
2017-11-16,1324.87,1238.83
2017-11-17,1324.58,1242.85
2017-11-18,,1247.08
2017-11-19,,1251.50
2017-11-20,1323.86,1256.09
2017-11-21,1323.68,1260.81
2017-11-22,1323.53,1265.64
2017-11-23,1323.41,1270.56
2017-11-24,1323.33,1275.53
2017-11-25,,1280.53
2017-11-26,,1285.52
2017-11-27,1323.31,1290.48
2017-11-28,1323.38,1295.37
2017-11-29,1323.50,1300.17
2017-11-30,1323.66,1304.85
2017-12-01,1323.86,1309.37
2017-12-02,,1313.73
2017-12-03,,1317.89
2017-12-04,1324.74,1321.83
2017-12-05,1325.12,1325.53
2017-12-06,1325.54,1328.97
2017-12-07,1326.01,1332.15
2017-12-08,1326.52,1335.04
2017-12-09,,1337.65
2017-12-10,,1339.96
2017-12-11,1328.30,1341.97
2017-12-12,1328.97,1343.68
2017-12-13,1329.68,1345.09
2017-12-14,1330.42,1346.21
2017-12-15,1331.19,1347.05
2017-12-16,,1347.62
2017-12-17,,1347.94
2017-12-18,1333.68,1348.01
2017-12-19,1334.56,1347.87
2017-12-20,1335.46,1347.53
2017-12-21,1336.38,1347.01
2017-12-22,1337.31,1346.34
2017-12-23,,1345.55
2017-12-24,,1344.66
2017-12-25,1340.18,1343.71
2017-12-26,1341.14,1342.72
2017-12-27,1342.11,1341.72
2017-12-28,1343.07,1340.74
2017-12-29,1344.03,1339.82
2017-12-30,,1338.98
2017-12-31,,1338.25
2018-01-01,1346.85,1337.66
2018-01-02,1347.76,1337.23
2018-01-03,1348.65,1336.98
2018-01-04,1349.51,1336.95
2018-01-05,1350.36,1337.15
2018-01-06,,1337.60
2018-01-07,,1338.31
2018-01-08,1352.72,1339.29
2018-01-09,1353.44,1340.57
2018-01-10,1354.13,1342.13
2018-01-11,1354.78,1344.00
2018-01-12,1355.39,1346.17
2018-01-13,,1348.63
2018-01-14,,1351.39
2018-01-15,1356.98,1354.43
2018-01-16,1357.43,1357.75
2018-01-17,1357.83,1361.33
2018-01-18,1358.19,1365.16
2018-01-19,1358.50,1369.21
2018-01-20,,1373.48
2018-01-21,,1377.93
2018-01-22,1359.17,1382.53
2018-01-23,1359.31,1387.28
2018-01-24,1359.41,1392.13
2018-01-25,1359.46,1397.06
2018-01-26,1359.47,1402.04
2018-01-27,,1407.04
2018-01-28,,1412.02
2018-01-29,1359.28,1416.97
2018-01-30,1359.14,1421.85
2018-01-31,1358.97,1426.63
2018-02-01,1358.77,1431.28
2018-02-02,1358.54,1435.78
2018-02-03,,1440.11
2018-02-04,,1444.23
2018-02-05,1357.72,1448.13
2018-02-06,1357.40,1451.79
2018-02-07,1357.07,1455.19
2018-02-08,1356.72,1458.32
2018-02-09,1356.37,1461.17
2018-02-10,,1463.72
2018-02-11,,1465.98
2018-02-12,1355.28,1467.94
2018-02-13,1354.91,1469.60
2018-02-14,1354.55,1470.96
2018-02-15,1354.20,1472.04
2018-02-16,1353.86,1472.83
2018-02-17,,1473.36
2018-02-18,,1473.63
2018-02-19,1352.93,1473.67
2018-02-20,1352.65,1473.49
2018-02-21,1352.41,1473.11
2018-02-22,1352.19,1472.57
2018-02-23,1352.00,1471.88
2018-02-24,,1471.07
2018-02-25,,1470.17
2018-02-26,1351.62,1469.21
2018-02-27,1351.56,1468.21
2018-02-28,1351.55,1467.22
2018-03-01,1351.57,1466.25
2018-03-02,1351.63,1465.34
2018-03-03,,1464.51
2018-03-04,,1463.80
2018-03-05,1352.08,1463.24
2018-03-06,1352.32,1462.84
2018-03-07,1352.60,1462.63
2018-03-08,1352.93,1462.63
2018-03-09,1353.30,1462.87
2018-03-10,,1463.36
2018-03-11,,1464.12
2018-03-12,1354.67,1465.15
2018-03-13,1355.21,1466.47
2018-03-14,1355.79,1468.09
2018-03-15,1356.41,1470.01
2018-03-16,1357.08,1472.22
2018-03-17,,1474.74
2018-03-18,,1477.54
2018-03-19,1359.27,1480.63
2018-03-20,1360.06,1484.00
2018-03-21,1360.89,1487.62
2018-03-22,1361.74,1491.49
2018-03-23,1362.61,1495.58
2018-03-24,,1499.88
2018-03-25,,1504.35
2018-03-26,1365.35,1508.99
2018-03-27,1366.30,1513.75
2018-03-28,1367.25,1518.62
2018-03-29,1368.21,1523.56
2018-03-30,1369.18,1528.54
2018-03-31,,1533.54
2018-04-01,,1538.52
2018-04-02,1372.07,1543.46
2018-04-03,1373.02,1548.32
2018-04-04,1373.96,1553.08
2018-04-05,1374.89,1557.71
2018-04-06,1375.81,1562.19
2018-04-07,,1566.48
2018-04-08,,1570.56
2018-04-09,1378.43,1574.43
2018-04-10,1379.25,1578.04
2018-04-11,1380.04,1581.40
2018-04-12,1380.81,1584.48
2018-04-13,1381.54,1587.28
2018-04-14,,1589.79
2018-04-15,,1591.99
2018-04-16,1383.52,1593.90
2018-04-17,1384.10,1595.51
2018-04-18,1384.64,1596.83
2018-04-19,1385.14,1597.85
2018-04-20,1385.59,1598.60
2018-04-21,,1599.09
2018-04-22,,1599.32
2018-04-23,1386.70,1599.32
2018-04-24,1386.98,1599.10
2018-04-25,1387.22,1598.70
2018-04-26,1387.41,1598.13
2018-04-27,1387.56,1597.41
2018-04-28,,1596.59
2018-04-29,,1595.67
2018-04-30,1387.75,1594.70
2018-05-01,1387.73,1593.71
2018-05-02,1387.67,1592.71
2018-05-03,1387.58,1591.75
2018-05-04,1387.45,1590.86
2018-05-05,,1590.05
2018-05-06,,1589.36
2018-05-07,1386.88,1588.82
2018-05-08,1386.63,1588.45
2018-05-09,1386.36,1588.28
2018-05-10,1386.07,1588.32
2018-05-11,1385.75,1588.60
2018-05-12,,1589.13
2018-05-13,,1589.93
2018-05-14,1384.73,1591.02
2018-05-15,1384.37,1592.39
2018-05-16,1384.01,1594.06
2018-05-17,1383.64,1596.02
2018-05-18,1383.28,1598.29
2018-05-19,,1600.85
2018-05-20,,1603.71
2018-05-21,1382.22,1606.84
2018-05-22,1381.88,1610.25
2018-05-23,1381.57,1613.92
2018-05-24,1381.27,1617.82
2018-05-25,1380.99,1621.95
2018-05-26,,1626.28
2018-05-27,,1630.79
2018-05-28,1380.32,1635.44
2018-05-29,1380.15,1640.23
2018-05-30,1380.01,1645.11
2018-05-31,1379.91,1650.06
2018-06-01,1379.85,1655.04
2018-06-02,,1660.04
2018-06-03,,1665.02
2018-06-04,1379.89,1669.95
2018-06-05,1379.98,1674.80
2018-06-06,1380.12,1679.54
2018-06-07,1380.30,1684.14
2018-06-08,1380.53,1688.59
2018-06-09,,1692.84
2018-06-10,,1696.89
2018-06-11,1381.47,1700.72
2018-06-12,1381.88,1704.29
2018-06-13,1382.32,1707.60
2018-06-14,1382.81,1710.64
2018-06-15,1383.35,1713.39
2018-06-16,,1715.84
2018-06-17,,1718.00
2018-06-18,1385.18,1719.86
2018-06-19,1385.87,1721.42
2018-06-20,1386.59,1722.68
2018-06-21,1387.35,1723.66
2018-06-22,1388.14,1724.37
2018-06-23,,1724.80
2018-06-24,,1725.00
2018-06-25,1390.67,1724.96
2018-06-26,1391.56,1724.71
2018-06-27,1392.47,1724.28
2018-06-28,1393.40,1723.68
2018-06-29,1394.34,1722.94
2018-06-30,,1722.10
2018-07-01,,1721.18
2018-07-02,1397.21,1720.20
2018-07-03,1398.18,1719.20
2018-07-04,1399.14,1718.21
2018-07-05,1400.10,1717.26
2018-07-06,1401.06,1716.38
2018-07-07,,1715.59
2018-07-08,,1714.92
2018-07-09,1403.86,1714.41
2018-07-10,1404.76,1714.07
2018-07-11,1405.64,1713.93
2018-07-12,1406.49,1714.01
2018-07-13,1407.32,1714.33
2018-07-14,,1714.91
2018-07-15,,1715.76
2018-07-16,1409.64,1716.89
2018-07-17,1410.34,1718.31
2018-07-18,1411.01,1720.03
2018-07-19,1411.64,1722.05
2018-07-20,1412.23,1724.36
2018-07-21,,1726.98
2018-07-22,,1729.88
2018-07-23,1413.76,1733.06
2018-07-24,1414.18,1736.51
2018-07-25,1414.56,1740.22
2018-07-26,1414.90,1744.17
2018-07-27,1415.19,1748.33
2018-07-28,,1752.69
2018-07-29,,1757.22
2018-07-30,1415.80,1761.90
2018-07-31,1415.91,1766.70
2018-08-01,1415.99,1771.60
2018-08-02,1416.02,1776.56
2018-08-03,1416.01,1781.55
2018-08-04,,1786.55
2018-08-05,,1791.52
2018-08-06,1415.76,1796.43
2018-08-07,1415.61,1801.27
2018-08-08,1415.42,1805.99
2018-08-09,1415.21,1810.57
2018-08-10,1414.97,1814.98
2018-08-11,,1819.20
2018-08-12,,1823.22
2018-08-13,1414.11,1827.00
2018-08-14,1413.78,1830.53
2018-08-15,1413.44,1833.79
2018-08-16,1413.09,1836.78
2018-08-17,1412.74,1839.48
2018-08-18,,1841.89
2018-08-19,,1844.00
2018-08-20,1411.64,1845.80
2018-08-21,1411.28,1847.31
2018-08-22,1410.92,1848.53
2018-08-23,1410.57,1849.46
2018-08-24,1410.24,1850.12
2018-08-25,,1850.52
2018-08-26,,1850.67
2018-08-27,1409.33,1850.59
2018-08-28,1409.08,1850.31
2018-08-29,1408.84,1849.85
2018-08-30,1408.64,1849.23
2018-08-31,1408.46,1848.47
2018-09-01,,1847.61
2018-09-02,,1846.68
2018-09-03,1408.13,1845.70
2018-09-04,1408.10,1844.70
2018-09-05,1408.10,1843.71
2018-09-06,1408.15,1842.77
2018-09-07,1408.23,1841.90
2018-09-08,,1841.13
2018-09-09,,1840.49
2018-09-10,1408.74,1840.00
2018-09-11,1409.00,1839.70
2018-09-12,1409.31,1839.59
2018-09-13,1409.66,1839.71
2018-09-14,1410.05,1840.08
2018-09-15,,1840.70
2018-09-16,,1841.59
2018-09-17,1411.48,1842.77
2018-09-18,1412.05,1844.24
2018-09-19,1412.65,1846.01
2018-09-20,1413.29,1848.08
2018-09-21,1413.97,1850.45
2018-09-22,,1853.11
2018-09-23,,1856.06
2018-09-24,1416.22,1859.29
2018-09-25,1417.03,1862.78
2018-09-26,1417.86,1866.53
2018-09-27,1418.73,1870.52
2018-09-28,1419.61,1874.71
2018-09-29,,1879.10
2018-09-30,,1883.66
2018-10-01,1422.38,1888.37
2018-10-02,1423.32,1893.19
2018-10-03,1424.28,1898.09
2018-10-04,1425.25,1903.06
2018-10-05,1426.21,1908.05
2018-10-06,,1913.05
2018-10-07,,1918.01
2018-10-08,1429.10,1922.92
2018-10-09,1430.05,1927.73
2018-10-10,1430.98,1932.43
2018-10-11,1431.91,1936.98
2018-10-12,1432.81,1941.37
2018-10-13,,1945.56
2018-10-14,,1949.53
2018-10-15,1435.39,1953.27
2018-10-16,1436.20,1956.76
2018-10-17,1436.98,1959.98
2018-10-18,1437.73,1962.92
2018-10-19,1438.44,1965.57
2018-10-20,,1967.93
2018-10-21,,1969.99
2018-10-22,1440.36,1971.74
2018-10-23,1440.92,1973.20
2018-10-24,1441.44,1974.37
2018-10-25,1441.92,1975.26
2018-10-26,1442.36,1975.87
2018-10-27,,1976.22
2018-10-28,,1976.34
2018-10-29,1443.40,1976.22
2018-10-30,1443.65,1975.91
2018-10-31,1443.87,1975.42
2018-11-01,1444.04,1974.77
2018-11-02,1444.16,1974.00
2018-11-03,,1973.13
2018-11-04,,1972.18
2018-11-05,1444.29,1971.19
2018-11-06,1444.25,1970.20
2018-11-07,1444.18,1969.22
2018-11-08,1444.07,1968.28
2018-11-09,1443.92,1967.43
2018-11-10,,1966.68
2018-11-11,,1966.06
2018-11-12,1443.30,1965.60
2018-11-13,1443.04,1965.33
2018-11-14,1442.76,1965.26
2018-11-15,1442.46,1965.42
2018-11-16,1442.14,1965.83
2018-11-17,,1966.49
2018-11-18,,1967.44
2018-11-19,1441.10,1968.66
2018-11-20,1440.74,1970.18
2018-11-21,1440.37,1972.00
2018-11-22,1440.00,1974.12
2018-11-23,1439.64,1976.54
2018-11-24,,1979.25
2018-11-25,,1982.25
2018-11-26,1438.59,1985.52
2018-11-27,1438.27,1989.06
2018-11-28,1437.96,1992.85
2018-11-29,1437.68,1996.87
2018-11-30,1437.41,2001.10
2018-12-01,,2005.52
2018-12-02,,2010.11
2018-12-03,1436.78,2014.83
2018-12-04,1436.62,2019.67
2018-12-05,1436.51,2024.59
2018-12-06,1436.42,2029.56
2018-12-07,1436.38,2034.56
2018-12-08,,2039.55
2018-12-09,,2044.51
2018-12-10,1436.48,2049.40
2018-12-11,1436.60,2054.19
2018-12-12,1436.76,2058.87
2018-12-13,1436.96,2063.40
2018-12-14,1437.21,2067.75
2018-12-15,,2071.91
2018-12-16,,2075.84
2018-12-17,1438.22,2079.54
2018-12-18,1438.65,2082.98
2018-12-19,1439.11,2086.16
2018-12-20,1439.63,2089.05
2018-12-21,1440.18,2091.65
2018-12-22,,2093.96
2018-12-23,,2095.97
2018-12-24,1442.07,2097.67
2018-12-25,1442.78,2099.08
2018-12-26,1443.52,2100.20
2018-12-27,1444.29,2101.04
2018-12-28,1445.10,2101.61
2018-12-29,,2101.92
2018-12-30,,2102.00
2018-12-31,1447.66,2101.85
2019-01-01,1448.57,2101.50
2019-01-02,1449.48,2100.98
2019-01-03,1450.42,2100.31
2019-01-04,1451.36,2099.52
2019-01-05,,2098.63
2019-01-06,,2097.68
2019-01-07,1454.25,2096.69
2019-01-08,1455.21,2095.69
2019-01-09,1456.18,2094.72
2019-01-10,1457.14,2093.80
2019-01-11,1458.09,2092.96
2019-01-12,,2092.23
2019-01-13,,2091.63
2019-01-14,1460.86,2091.21
2019-01-15,1461.75,2090.97
2019-01-16,1462.62,2090.94
2019-01-17,1463.46,2091.14
2019-01-18,1464.28,2091.58
2019-01-19,,2092.30
2019-01-20,,2093.29
2019-01-21,1466.54,2094.56
2019-01-22,1467.23,2096.13
2019-01-23,1467.88,2098.00
2019-01-24,1468.49,2100.17
2019-01-25,1469.06,2102.64
2019-01-26,,2105.40
2019-01-27,,2108.44
2019-01-28,1470.53,2111.76
2019-01-29,1470.93,2115.35
2019-01-30,1471.29,2119.18
2019-01-31,1471.60,2123.23
2019-02-01,1471.87,2127.50
2019-02-02,,2131.95
2019-02-03,,2136.56
2019-02-04,1472.41,2141.30
2019-02-05,1472.50,2146.15
2019-02-06,1472.56,2151.08
2019-02-07,1472.57,2156.06
2019-02-08,1472.54,2161.06
2019-02-09,,2166.05
2019-02-10,,2171.00
2019-02-11,1472.24,2175.87
2019-02-12,1472.07,2180.65
2019-02-13,1471.87,2185.31
2019-02-14,1471.64,2189.81
2019-02-15,1471.39,2194.13
2019-02-16,,2198.25
2019-02-17,,2202.15
2019-02-18,1470.49,2205.80
2019-02-19,1470.16,2209.20
2019-02-20,1469.82,2212.33
2019-02-21,1469.46,2215.17
2019-02-22,1469.10,2217.73
2019-02-23,,2219.98
2019-02-24,,2221.94
2019-02-25,1468.00,2223.59
2019-02-26,1467.65,2224.96
2019-02-27,1467.29,2226.03
2019-02-28,1466.95,2226.82
2019-03-01,1466.62,2227.34
2019-03-02,,2227.61
2019-03-03,,2227.65
2019-03-04,1465.75,2227.47
2019-03-05,1465.50,2227.09
2019-03-06,1465.28,2226.55
2019-03-07,1465.09,2225.85
2019-03-08,1464.93,2225.04
2019-03-09,,2224.14
2019-03-10,,2223.18
2019-03-11,1464.66,2222.19
2019-03-12,1464.64,2221.19
2019-03-13,1464.67,2220.22
2019-03-14,1464.73,2219.31
2019-03-15,1464.84,2218.49
2019-03-16,,2217.78
2019-03-17,,2217.21
2019-03-18,1465.42,2216.82
2019-03-19,1465.70,2216.61
2019-03-20,1466.03,2216.62
2019-03-21,1466.40,2216.86
2019-03-22,1466.81,2217.35
2019-03-23,,2218.11
2019-03-24,,2219.14
2019-03-25,1468.31,2220.47
2019-03-26,1468.89,2222.09
2019-03-27,1469.52,2224.01
2019-03-28,1470.18,2226.23
2019-03-29,1470.88,2228.74
2019-03-30,,2231.55
2019-03-31,,2234.64
2019-04-01,1473.17,2238.01
2019-04-02,1473.99,2241.64
2019-04-03,1474.84,2245.51
2019-04-04,1475.72,2249.60
2019-04-05,1476.61,2253.90
2019-04-06,,2258.38
2019-04-07,,2263.01
2019-04-08,1479.40,2267.78
2019-04-09,1480.36,2272.64
2019-04-10,1481.32,2277.58
2019-04-11,1482.28,2282.57
2019-04-12,1483.25,2287.57
2019-04-13,,2292.55
2019-04-14,,2297.49
2019-04-15,1486.13,2302.35
2019-04-16,1487.07,2307.11
2019-04-17,1488.00,2311.74
2019-04-18,1488.91,2316.21
2019-04-19,1489.81,2320.50
2019-04-20,,2324.58
2019-04-21,,2328.44
2019-04-22,1492.35,2332.06
2019-04-23,1493.15,2335.41
2019-04-24,1493.91,2338.49
2019-04-25,1494.64,2341.29
2019-04-26,1495.34,2343.79
2019-04-27,,2345.99
2019-04-28,,2347.90
2019-04-29,1497.20,2349.51
2019-04-30,1497.74,2350.82
2019-05-01,1498.24,2351.84
2019-05-02,1498.70,2352.59
2019-05-03,1499.11,2353.07
2019-05-04,,2353.30
2019-05-05,,2353.30
2019-05-06,1500.08,2353.08
2019-05-07,1500.31,2352.68
2019-05-08,1500.51,2352.10
2019-05-09,1500.65,2351.39
2019-05-10,1500.76,2350.56
2019-05-11,,2349.65
2019-05-12,,2348.68
2019-05-13,1500.82,2347.68
2019-05-14,1500.77,2346.69
2019-05-15,1500.68,2345.73
2019-05-16,1500.55,2344.83
2019-05-17,1500.39,2344.02
2019-05-18,,2343.34
2019-05-19,,2342.80
2019-05-20,1499.73,2342.43
2019-05-21,1499.45,2342.26
2019-05-22,1499.16,2342.30
2019-05-23,1498.85,2342.59
2019-05-24,1498.52,2343.12
2019-05-25,,2343.92
2019-05-26,,2345.01
2019-05-27,1497.47,2346.38
2019-05-28,1497.10,2348.05
2019-05-29,1496.73,2350.02
2019-05-30,1496.37,2352.29
2019-05-31,1496.01,2354.86
2019-06-01,,2357.72
2019-06-02,,2360.86
2019-06-03,1494.98,2364.27
2019-06-04,1494.66,2367.93
2019-06-05,1494.37,2371.84
2019-06-06,1494.09,2375.97
2019-06-07,1493.84,2380.30
2019-06-08,,2384.81
2019-06-09,,2389.47
2019-06-10,1493.24,2394.25
2019-06-11,1493.11,2399.13
2019-06-12,1493.01,2404.08
2019-06-13,1492.94,2409.07
2019-06-14,1492.92,2414.07
2019-06-15,,2419.05
2019-06-16,,2423.97
2019-06-17,1493.08,2428.82
2019-06-18,1493.22,2433.56
2019-06-19,1493.40,2438.16
2019-06-20,1493.63,2442.61
2019-06-21,1493.90,2446.86
2019-06-22,,2450.91
2019-06-23,,2454.73
2019-06-24,1494.98,2458.30
2019-06-25,1495.43,2461.61
2019-06-26,1495.92,2464.64
2019-06-27,1496.45,2467.39
2019-06-28,1497.02,2469.84
2019-06-29,,2472.00
2019-06-30,,2473.86
2019-07-01,1498.97,2475.41
2019-07-02,1499.70,2476.68
2019-07-03,1500.46,2477.65
2019-07-04,1501.24,2478.35
2019-07-05,1502.06,2478.79
2019-07-06,,2478.98
2019-07-07,,2478.94
2019-07-08,1504.67,2478.69
2019-07-09,1505.57,2478.25
2019-07-10,1506.50,2477.65
2019-07-11,1507.44,2476.92
2019-07-12,1508.39,2476.08
2019-07-13,,2475.15
2019-07-14,,2474.17
2019-07-15,1511.28,2473.18
2019-07-16,1512.25,2472.19
2019-07-17,1513.21,2471.24
2019-07-18,1514.17,2470.35
2019-07-19,1515.11,2469.56
2019-07-20,,2468.90
2019-07-21,,2468.39
2019-07-22,1517.86,2468.05
2019-07-23,1518.74,2467.91
2019-07-24,1519.60,2468.00
2019-07-25,1520.43,2468.32
2019-07-26,1521.23,2468.90
2019-07-27,,2469.75
2019-07-28,,2470.88
2019-07-29,1523.44,2472.31
2019-07-30,1524.11,2474.03
2019-07-31,1524.74,2476.05
2019-08-01,1525.33,2478.37
2019-08-02,1525.89,2480.98
2019-08-03,,2483.89
2019-08-04,,2487.07
2019-08-05,1527.28,2490.53
2019-08-06,1527.66,2494.24
2019-08-07,1528.00,2498.19
2019-08-08,1528.29,2502.35
2019-08-09,1528.53,2506.71
2019-08-10,,2511.25
2019-08-11,,2515.93
2019-08-12,1529.01,2520.73
2019-08-13,1529.08,2525.62
2019-08-14,1529.12,2530.58
2019-08-15,1529.11,2535.58
2019-08-16,1529.06,2540.57
2019-08-17,,2545.54
2019-08-18,,2550.46
2019-08-19,1528.70,2555.29
2019-08-20,1528.52,2560.01
2019-08-21,1528.30,2564.59
2019-08-22,1528.06,2569.00
2019-08-23,1527.80,2573.22
2019-08-24,,2577.23
2019-08-25,,2581.01
2019-08-26,1526.88,2584.54
2019-08-27,1526.54,2587.80
2019-08-28,1526.19,2590.79
2019-08-29,1525.83,2593.49
2019-08-30,1525.47,2595.89
2019-08-31,,2598.00
2019-09-01,,2599.80
2019-09-02,1524.37,2601.31
2019-09-03,1524.02,2602.52
2019-09-04,1523.67,2603.45
2019-09-05,1523.33,2604.11
2019-09-06,1523.01,2604.50
2019-09-07,,2604.65
2019-09-08,,2604.57
2019-09-09,1522.17,2604.29
2019-09-10,1521.94,2603.83
2019-09-11,1521.73,2603.20
2019-09-12,1521.56,2602.45
2019-09-13,1521.41,2601.59
2019-09-14,,2600.65
2019-09-15,,2599.67
2019-09-16,1521.20,2598.67
2019-09-17,1521.20,2597.69
2019-09-18,1521.24,2596.74
2019-09-19,1521.33,2595.88
2019-09-20,1521.46,2595.11
2019-09-21,,2594.47
2019-09-22,,2593.98
2019-09-23,1522.10,2593.68
2019-09-24,1522.41,2593.58
2019-09-25,1522.76,2593.70
2019-09-26,1523.15,2594.06
2019-09-27,1523.58,2594.69
2019-09-28,,2595.59
2019-09-29,,2596.77
2019-09-30,1525.15,2598.24
2019-10-01,1525.75,2600.01
2019-10-02,1526.39,2602.08
2019-10-03,1527.07,2604.45
2019-10-04,1527.79,2607.11
2019-10-05,,2610.07
2019-10-06,,2613.30
2019-10-07,1530.13,2616.80
2019-10-08,1530.97,2620.55
2019-10-09,1531.83,2624.54
2019-10-10,1532.72,2628.73
2019-10-11,1533.62,2633.13
2019-10-12,,2637.69
2019-10-13,,2642.39
2019-10-14,1536.43,2647.21
2019-10-15,1537.39,2652.12
2019-10-16,1538.35,2657.08
2019-10-17,1539.32,2662.08
2019-10-18,1540.28,2667.07
2019-10-19,,2672.04
2019-10-20,,2676.94
2019-10-21,1543.15,2681.76
2019-10-22,1544.09,2686.45
2019-10-23,1545.01,2691.01
2019-10-24,1545.91,2695.39
2019-10-25,1546.80,2699.58
2019-10-26,,2703.55
2019-10-27,,2707.29
2019-10-28,1549.31,2710.77
2019-10-29,1550.09,2713.99
2019-10-30,1550.83,2716.93
2019-10-31,1551.55,2719.58
2019-11-01,1552.22,2721.93
2019-11-02,,2723.98
2019-11-03,,2725.74
2019-11-04,1554.03,2727.20
2019-11-05,1554.55,2728.36
2019-11-06,1555.02,2729.25
2019-11-07,1555.46,2729.86
2019-11-08,1555.85,2730.21
2019-11-09,,2730.32
2019-11-10,,2730.20
2019-11-11,1556.75,2729.89
2019-11-12,1556.97,2729.40
2019-11-13,1557.13,2728.75
2019-11-14,1557.26,2727.97
2019-11-15,1557.34,2727.10
2019-11-16,,2726.15
2019-11-17,,2725.17
2019-11-18,1557.35,2724.17
2019-11-19,1557.27,2723.19
2019-11-20,1557.16,2722.26
2019-11-21,1557.02,2721.40
2019-11-22,1556.84,2720.65
2019-11-23,,2720.04
2019-11-24,,2719.58
2019-11-25,1556.14,2719.31
2019-11-26,1555.86,2719.24
2019-11-27,1555.55,2719.41
2019-11-28,1555.23,2719.81
2019-11-29,1554.90,2720.48
2019-11-30,,2721.43
2019-12-01,,2722.66
2019-12-02,1553.83,2724.18
2019-12-03,1553.46,2726.00
2019-12-04,1553.10,2728.12
2019-12-05,1552.73,2730.54
2019-12-06,1552.38,2733.26
2019-12-07,,2736.26
2019-12-08,,2739.53
2019-12-09,1551.37,2743.08
2019-12-10,1551.06,2746.87
2019-12-11,1550.77,2750.89
2019-12-12,1550.51,2755.12
2019-12-13,1550.27,2759.55
2019-12-14,,2764.13
2019-12-15,,2768.86
2019-12-16,1549.72,2773.69
2019-12-17,1549.60,2778.61
2019-12-18,1549.52,2783.59
2019-12-19,1549.48,2788.58
2019-12-20,1549.47,2793.58
2019-12-21,,2798.53
2019-12-22,,2803.42
2019-12-23,1549.70,2808.22
2019-12-24,1549.86,2812.89
2019-12-25,1550.06,2817.42
2019-12-26,1550.31,2821.77
2019-12-27,1550.60,2825.92
2019-12-28,,2829.86
2019-12-29,,2833.56
2019-12-30,1551.75,2837.00
2019-12-31,1552.22,2840.17
2020-01-01,1552.73,2843.06
2020-01-02,1553.28,2845.66
2020-01-03,1553.87,2847.96
2020-01-04,,2849.96
2020-01-05,,2851.67
2020-01-06,1555.88,2853.08
2020-01-07,1556.62,2854.19
2020-01-08,1557.40,2855.03
2020-01-09,1558.20,2855.60
2020-01-10,1559.03,2855.91
2020-01-11,,2855.98
2020-01-12,,2855.83
2020-01-13,1561.67,2855.48
2020-01-14,1562.59,2854.96
2020-01-15,1563.52,2854.29
2020-01-16,1564.47,2853.50
2020-01-17,1565.42,2852.61
2020-01-18,,2851.65
2020-01-19,,2850.66
2020-01-20,1568.32,2849.67
2020-01-21,1569.28,2848.69
2020-01-22,1570.24,2847.77
2020-01-23,1571.19,2846.93
2020-01-24,1572.13,2846.20
2020-01-25,,2845.61
2020-01-26,,2845.19
2020-01-27,1574.86,2844.95
2020-01-28,1575.72,2844.92
2020-01-29,1576.57,2845.12
2020-01-30,1577.38,2845.57
2020-01-31,1578.17,2846.29
2020-02-01,,2847.28
2020-02-02,,2848.56
2020-02-03,1580.33,2850.13
2020-02-04,1580.98,2852.00
2020-02-05,1581.59,2854.17
2020-02-06,1582.17,2856.64
2020-02-07,1582.70,2859.40
2020-02-08,,2862.45
2020-02-09,,2865.78
2020-02-10,1584.03,2869.36
2020-02-11,1584.39,2873.19
2020-02-12,1584.70,2877.25
2020-02-13,1584.97,2881.52
2020-02-14,1585.19,2885.97
2020-02-15,,2890.58
2020-02-16,,2895.33
2020-02-17,1585.60,2900.18
2020-02-18,1585.65,2905.11
2020-02-19,1585.66,2910.09
2020-02-20,1585.64,2915.09
2020-02-21,1585.57,2920.08
2020-02-22,,2925.02
2020-02-23,,2929.90
2020-02-24,1585.16,2934.68
2020-02-25,1584.96,2939.33
2020-02-26,1584.73,2943.83
2020-02-27,1584.48,2948.15
2020-02-28,1584.20,2952.26
2020-02-29,,2956.16
2020-03-01,,2959.82
2020-03-02,1583.26,2963.21
2020-03-03,1582.91,2966.34
2020-03-04,1582.56,2969.18
2020-03-05,1582.20,2971.73
2020-03-06,1581.83,2973.98
2020-03-07,,2975.94
2020-03-08,,2977.59
2020-03-09,1580.74,2978.95
2020-03-10,1580.39,2980.02
2020-03-11,1580.05,2980.81
2020-03-12,1579.72,2981.33
2020-03-13,1579.41,2981.60
2020-03-14,,2981.63
2020-03-15,,2981.45
2020-03-16,1578.60,2981.07
2020-03-17,1578.38,2980.52
2020-03-18,1578.19,2979.83
2020-03-19,1578.03,2979.02
2020-03-20,1577.90,2978.12
2020-03-21,,2977.15
2020-03-22,,2976.16
2020-03-23,1577.74,2975.16
2020-03-24,1577.77,2974.20
2020-03-25,1577.83,2973.29
2020-03-26,1577.94,2972.46
2020-03-27,1578.09,2971.76
2020-03-28,,2971.19
2020-03-29,,2970.80
2020-03-30,1578.80,2970.59
2020-03-31,1579.13,2970.60
2020-04-01,1579.50,2970.84
2020-04-02,1579.91,2971.34
2020-04-03,1580.37,2972.10
2020-04-04,,2973.14
2020-04-05,,2974.46
2020-04-06,1582.00,2976.09
2020-04-07,1582.62,2978.01
2020-04-08,1583.28,2980.23
2020-04-09,1583.98,2982.75
2020-04-10,1584.71,2985.56
2020-04-11,,2988.66
2020-04-12,,2992.02
2020-04-13,1587.10,2995.65
2020-04-14,1587.95,2999.52
2020-04-15,1588.82,3003.62
2020-04-16,1589.72,3007.92
2020-04-17,1590.63,3012.40
2020-04-18,,3017.04
2020-04-19,,3021.80
2020-04-20,1593.46,3026.67
2020-04-21,1594.42,3031.61
2020-04-22,1595.39,3036.59
2020-04-23,1596.35,3041.59
2020-04-24,1597.32,3046.58
2020-04-25,,3051.51
2020-04-26,,3056.37
2020-04-27,1600.17,3061.13
2020-04-28,1601.10,3065.76
2020-04-29,1602.02,3070.23
2020-04-30,1602.91,3074.52
2020-05-01,1603.79,3078.60
2020-05-02,,3082.46
2020-05-03,,3086.07
2020-05-04,1606.25,3089.42
2020-05-05,1607.02,3092.50
2020-05-06,1607.75,3095.29
2020-05-07,1608.44,3097.79
2020-05-08,1609.10,3100.00
2020-05-09,,3101.90
2020-05-10,,3103.50
2020-05-11,1610.84,3104.81
2020-05-12,1611.34,3105.83
2020-05-13,1611.80,3106.58
2020-05-14,1612.21,3107.06
2020-05-15,1612.58,3107.28
2020-05-16,,3107.28
2020-05-17,,3107.06
2020-05-18,1613.41,3106.65
2020-05-19,1613.60,3106.08
2020-05-20,1613.75,3105.36
2020-05-21,1613.86,3104.53
2020-05-22,1613.92,3103.62
2020-05-23,,3102.65
2020-05-24,,3101.65
2020-05-25,1613.86,3100.66
2020-05-26,1613.77,3099.70
2020-05-27,1613.64,3098.80
2020-05-28,1613.48,3098.00
2020-05-29,1613.29,3097.32
2020-05-30,,3096.78
2020-05-31,,3096.41
2020-06-01,1612.55,3096.24
2020-06-02,1612.26,3096.29
2020-06-03,1611.94,3096.57
2020-06-04,1611.61,3097.11
2020-06-05,1611.27,3097.92
2020-06-06,,3099.00
2020-06-07,,3100.38
2020-06-08,1610.20,3102.05
2020-06-09,1609.83,3104.02
2020-06-10,1609.46,3106.30
2020-06-11,1609.10,3108.86
2020-06-12,1608.75,3111.72
2020-06-13,,3114.87
2020-06-14,,3118.28
2020-06-15,1607.76,3121.95
2020-06-16,1607.46,3125.86
2020-06-17,1607.18,3129.99
2020-06-18,1606.93,3134.32
2020-06-19,1606.71,3138.83
2020-06-20,,3143.49
2020-06-21,,3148.28
2020-06-22,1606.21,3153.16
2020-06-23,1606.11,3158.11
2020-06-24,1606.04,3163.10
2020-06-25,1606.02,3168.10
2020-06-26,1606.03,3173.07
2020-06-27,,3178.00
2020-06-28,,3182.85
2020-06-29,1606.32,3187.58
2020-06-30,1606.50,3192.19
2020-07-01,1606.73,3196.63
2020-07-02,1607.00,3200.88
2020-07-03,1607.32,3204.93
2020-07-04,,3208.75
2020-07-05,,3212.31
2020-07-06,1608.53,3215.62
2020-07-07,1609.02,3218.65
2020-07-08,1609.55,3221.40
2020-07-09,1610.12,3223.85
2020-07-10,1610.74,3226.00
2020-07-11,,3227.85
2020-07-12,,3229.41
2020-07-13,1612.80,3230.67
2020-07-14,1613.56,3231.64
2020-07-15,1614.35,3232.34
2020-07-16,1615.17,3232.77
2020-07-17,1616.01,3232.96
2020-07-18,,3232.92
2020-07-19,,3232.67
2020-07-20,1618.68,3232.23
2020-07-21,1619.61,3231.63
2020-07-22,1620.55,3230.90
2020-07-23,1621.50,3230.05
2020-07-24,1622.46,3229.12
2020-07-25,,3228.15
2020-07-26,,3227.15
2020-07-27,1625.35,3226.16
2020-07-28,1626.32,3225.21
2020-07-29,1627.27,3224.33
2020-07-30,1628.22,3223.54
2020-07-31,1629.15,3222.88
2020-08-01,,3222.37
2020-08-02,,3222.03
2020-08-03,1631.85,3221.90
2020-08-04,1632.70,3221.98
2020-08-05,1633.53,3222.31
2020-08-06,1634.33,3222.89
2020-08-07,1635.10,3223.74
2020-08-08,,3224.88
2020-08-09,,3226.30
2020-08-10,1637.22,3228.03
2020-08-11,1637.85,3230.05
2020-08-12,1638.44,3232.37
2020-08-13,1638.99,3234.99
2020-08-14,1639.50,3237.90
2020-08-15,,3241.09
2020-08-16,,3244.54
2020-08-17,1640.76,3248.25
2020-08-18,1641.10,3252.20
2020-08-19,1641.39,3256.37
2020-08-20,1641.63,3260.73
2020-08-21,1641.84,3265.27
2020-08-22,,3269.95
2020-08-23,,3274.76
2020-08-24,1642.18,3279.65
2020-08-25,1642.21,3284.61
2020-08-26,1642.20,3289.60
2020-08-27,1642.16,3294.60
2020-08-28,1642.07,3299.57
2020-08-29,,3304.48
2020-08-30,,3309.32
2020-08-31,1641.61,3314.03
2020-09-01,1641.40,3318.61
2020-09-02,1641.16,3323.02
2020-09-03,1640.89,3327.24
2020-09-04,1640.60,3331.25
2020-09-05,,3335.03
2020-09-06,,3338.55
2020-09-07,1639.63,3341.81
2020-09-08,1639.28,3344.80
2020-09-09,1638.92,3347.49
2020-09-10,1638.56,3349.89
2020-09-11,1638.19,3352.00
2020-09-12,,3353.80
2020-09-13,,3355.30
2020-09-14,1637.11,3356.52
2020-09-15,1636.76,3357.44
2020-09-16,1636.43,3358.09
2020-09-17,1636.11,3358.49
2020-09-18,1635.81,3358.63
2020-09-19,,3358.56
2020-09-20,,3358.27
2020-09-21,1635.03,3357.80
2020-09-22,1634.83,3357.18
2020-09-23,1634.65,3356.42
2020-09-24,1634.51,3355.56
2020-09-25,1634.40,3354.63
2020-09-26,,3353.64
2020-09-27,,3352.65
2020-09-28,1634.30,3351.66
2020-09-29,1634.34,3350.72
2020-09-30,1634.43,3349.85
2020-10-01,1634.56,3349.08
2020-10-02,1634.73,3348.44
2020-10-03,,3347.96
2020-10-04,,3347.66
2020-10-05,1635.51,3347.56
2020-10-06,1635.86,3347.68
2020-10-07,1636.25,3348.05
2020-10-08,1636.69,3348.68
2020-10-09,1637.17,3349.58
2020-10-10,,3350.76
2020-10-11,,3352.24
2020-10-12,1638.86,3354.01
2020-10-13,1639.50,3356.08
2020-10-14,1640.18,3358.45
2020-10-15,1640.89,3361.12
2020-10-16,1641.64,3364.08
2020-10-17,,3367.31
2020-10-18,,3370.81
2020-10-19,1644.07,3374.57
2020-10-20,1644.94,3378.55
2020-10-21,1645.82,3382.76
2020-10-22,1646.73,3387.15
2020-10-23,1647.65,3391.71
2020-10-24,,3396.42
2020-10-25,,3401.24
2020-10-26,1650.49,3406.14
2020-10-27,1651.46,3411.11
2020-10-28,1652.42,3416.11
2020-10-29,1653.39,3421.10
2020-10-30,1654.35,3426.06
2020-10-31,,3430.97
2020-11-01,,3435.78
2020-11-02,1657.19,3440.48
2020-11-03,1658.12,3445.03
2020-11-04,1659.02,3449.41
2020-11-05,1659.90,3453.59
2020-11-06,1660.77,3457.57
2020-11-07,,3461.30
2020-11-08,,3464.78
2020-11-09,1663.19,3468.00
2020-11-10,1663.94,3470.94
2020-11-11,1664.65,3473.58
2020-11-12,1665.33,3475.93
2020-11-13,1665.97,3477.98
2020-11-14,,3479.74
2020-11-15,,3481.19
2020-11-16,1667.65,3482.35
2020-11-17,1668.12,3483.23
2020-11-18,1668.56,3483.84
2020-11-19,1668.95,3484.19
2020-11-20,1669.29,3484.30
2020-11-21,,3484.19
2020-11-22,,3483.87
2020-11-23,1670.06,3483.37
2020-11-24,1670.23,3482.72
2020-11-25,1670.36,3481.95
2020-11-26,1670.44,3481.07
2020-11-27,1670.48,3480.13
2020-11-28,,3479.14
2020-11-29,,3478.14
2020-11-30,1670.37,3477.16
2020-12-01,1670.26,3476.23
2020-12-02,1670.11,3475.38
2020-12-03,1669.94,3474.63
2020-12-04,1669.73,3474.01
2020-12-05,,3473.56
2020-12-06,,3473.29
2020-12-07,1668.95,3473.23
2020-12-08,1668.65,3473.39
2020-12-09,1668.33,3473.80
2020-12-10,1667.99,3474.47
2020-12-11,1667.64,3475.42
2020-12-12,,3476.65
2020-12-13,,3478.18
2020-12-14,1666.56,3480.00
2020-12-15,1666.19,3482.12
2020-12-16,1665.83,3484.55
2020-12-17,1665.47,3487.26
2020-12-18,1665.12,3490.27
2020-12-19,,3493.55
2020-12-20,,3497.09
2020-12-21,1664.15,3500.88
2020-12-22,1663.87,3504.91
2020-12-23,1663.60,3509.14
2020-12-24,1663.36,3513.57
2020-12-25,1663.15,3518.16
2020-12-26,,3522.88
2020-12-27,,3527.72
2020-12-28,1662.70,3532.64
2020-12-29,1662.62,3537.61
2020-12-30,1662.57,3542.61
2020-12-31,1662.57,3547.60
2021-01-01,1662.60,3552.56
2021-01-02,,3557.45
2021-01-03,,3562.24
2021-01-04,1662.96,3566.92
2021-01-05,1663.16,3571.44
2021-01-06,1663.41,3575.79
2021-01-07,1663.70,3579.94
2021-01-08,1664.04,3583.87
2021-01-09,,3587.57
2021-01-10,,3591.01
2021-01-11,1665.32,3594.18
2021-01-12,1665.83,3597.06
2021-01-13,1666.38,3599.66
2021-01-14,1666.98,3601.96
2021-01-15,1667.61,3603.96
2021-01-16,,3605.67
2021-01-17,,3607.07
2021-01-18,1669.73,3608.19
2021-01-19,1670.50,3609.02
2021-01-20,1671.31,3609.58
2021-01-21,1672.14,3609.89
2021-01-22,1672.99,3609.96
2021-01-23,,3609.81
2021-01-24,,3609.46
2021-01-25,1675.69,3608.94
2021-01-26,1676.63,3608.27
2021-01-27,1677.57,3607.47
2021-01-28,1678.53,3606.58
2021-01-29,1679.49,3605.63
2021-01-30,,3604.64
2021-01-31,,3603.64
2021-02-01,1682.39,3602.67
2021-02-02,1683.35,3601.74
2021-02-03,1684.30,3600.91
2021-02-04,1685.24,3600.18
2021-02-05,1686.16,3599.59
2021-02-06,,3599.16
2021-02-07,,3598.93
2021-02-08,1688.83,3598.90
2021-02-09,1689.67,3599.11
2021-02-10,1690.49,3599.56
2021-02-11,1691.27,3600.28
2021-02-12,1692.03,3601.27
2021-02-13,,3602.55
2021-02-14,,3604.13
2021-02-15,1694.09,3606.00
2021-02-16,1694.70,3608.17
2021-02-17,1695.27,3610.65
2021-02-18,1695.80,3613.41
2021-02-19,1696.29,3616.46
2021-02-20,,3619.79
2021-02-21,,3623.38
2021-02-22,1697.49,3627.21
2021-02-23,1697.80,3631.27
2021-02-24,1698.07,3635.54
2021-02-25,1698.29,3639.99
2021-02-26,1698.47,3644.61
2021-02-27,,3649.35
2021-02-28,,3654.21
2021-03-01,1698.75,3659.14
2021-03-02,1698.76,3664.12
2021-03-03,1698.73,3669.12
2021-03-04,1698.67,3674.10
2021-03-05,1698.56,3679.05
2021-03-06,,3683.92
2021-03-07,,3688.70
2021-03-08,1698.06,3693.35
2021-03-09,1697.83,3697.85
2021-03-10,1697.58,3702.17
2021-03-11,1697.30,3706.28
2021-03-12,1697.00,3710.18
2021-03-13,,3713.83
2021-03-14,,3717.22
2021-03-15,1696.01,3720.35
2021-03-16,1695.65,3723.19
2021-03-17,1695.29,3725.73
2021-03-18,1694.92,3727.98
2021-03-19,1694.56,3729.93
2021-03-20,,3731.59
2021-03-21,,3732.94
2021-03-22,1693.48,3734.01
2021-03-23,1693.14,3734.80
2021-03-24,1692.81,3735.32
2021-03-25,1692.50,3735.58
2021-03-26,1692.21,3735.61
2021-03-27,,3735.43
2021-03-28,,3735.05
2021-03-29,1691.47,3734.50
2021-03-30,1691.28,3733.80
2021-03-31,1691.13,3732.99
2021-04-01,1691.00,3732.09
2021-04-02,1690.91,3731.13
2021-04-03,,3730.13
2021-04-04,,3729.14
2021-04-05,1690.86,3728.17
2021-04-06,1690.93,3727.26
2021-04-07,1691.04,3726.44
2021-04-08,1691.19,3725.73
2021-04-09,1691.38,3725.17
2021-04-10,,3724.77
2021-04-11,,3724.57
2021-04-12,1692.23,3724.58
2021-04-13,1692.60,3724.83
2021-04-14,1693.01,3725.32
2021-04-15,1693.47,3726.09
2021-04-16,1693.97,3727.13
2021-04-17,,3728.46
2021-04-18,,3730.08
2021-04-19,1695.72,3732.01
2021-04-20,1696.39,3734.23
2021-04-21,1697.08,3736.75
2021-04-22,1697.82,3739.57
2021-04-23,1698.58,3742.67
2021-04-24,,3746.04
2021-04-25,,3749.67
2021-04-26,1701.05,3753.54
2021-04-27,1701.93,3757.64
2021-04-28,1702.83,3761.94
2021-04-29,1703.74,3766.42
2021-04-30,1704.67,3771.06
2021-05-01,,3775.83
2021-05-02,,3780.69
2021-05-03,1707.53,3785.64
2021-05-04,1708.49,3790.62
2021-05-05,1709.46,3795.62
2021-05-06,1710.42,3800.60
2021-05-07,1711.39,3805.54
2021-05-08,,3810.40
2021-05-09,,3815.16
2021-05-10,1714.21,3819.78
2021-05-11,1715.12,3824.25
2021-05-12,1716.02,3828.54
2021-05-13,1716.89,3832.62
2021-05-14,1717.74,3836.47
2021-05-15,,3840.08
2021-05-16,,3843.43
2021-05-17,1720.12,3846.51
2021-05-18,1720.85,3849.30
2021-05-19,1721.55,3851.80
2021-05-20,1722.20,3854.00
2021-05-21,1722.82,3855.90
2021-05-22,,3857.50
2021-05-23,,3858.80
2021-05-24,1724.44,3859.82
2021-05-25,1724.90,3860.57
2021-05-26,1725.31,3861.04
2021-05-27,1725.68,3861.27
2021-05-28,1726.00,3861.26
2021-05-29,,3861.04
2021-05-30,,3860.63
2021-05-31,1726.70,3860.06
2021-06-01,1726.85,3859.34
2021-06-02,1726.95,3858.51
2021-06-03,1727.02,3857.59
2021-06-04,1727.04,3856.62
2021-06-05,,3855.63
2021-06-06,,3854.63
2021-06-07,1726.87,3853.68
2021-06-08,1726.74,3852.78
2021-06-09,1726.58,3851.98
2021-06-10,1726.38,3851.29
2021-06-11,1726.16,3850.75
2021-06-12,,3850.39
2021-06-13,,3850.22
2021-06-14,1725.35,3850.27
2021-06-15,1725.04,3850.56
2021-06-16,1724.71,3851.10
2021-06-17,1724.37,3851.91
2021-06-18,1724.01,3853.00
2021-06-19,,3854.38
2021-06-20,,3856.05
2021-06-21,1722.92,3858.03
2021-06-22,1722.56,3860.30
2021-06-23,1722.20,3862.87
2021-06-24,1721.84,3865.73
2021-06-25,1721.50,3868.88
2021-06-26,,3872.29
2021-06-27,,3875.97
2021-06-28,1720.55,3879.88
2021-06-29,1720.28,3884.01
2021-06-30,1720.03,3888.35
2021-07-01,1719.80,3892.86
2021-07-02,1719.60,3897.52
2021-07-03,,3902.30
2021-07-04,,3907.18
2021-07-05,1719.20,3912.14
2021-07-06,1719.14,3917.12
2021-07-07,1719.11,3922.12
2021-07-08,1719.13,3927.10
2021-07-09,1719.18,3932.03
2021-07-10,,3936.87
2021-07-11,,3941.61
2021-07-12,1719.60,3946.21
2021-07-13,1719.83,3950.65
2021-07-14,1720.10,3954.90
2021-07-15,1720.42,3958.95
2021-07-16,1720.78,3962.76
2021-07-17,,3966.33
2021-07-18,,3969.63
2021-07-19,1722.12,3972.66
2021-07-20,1722.65,3975.40
2021-07-21,1723.23,3977.85
2021-07-22,1723.84,3980.00
2021-07-23,1724.49,3981.85
2021-07-24,,3983.40
2021-07-25,,3984.66
2021-07-26,1726.66,3985.63
2021-07-27,1727.45,3986.33
2021-07-28,1728.27,3986.76
2021-07-29,1729.12,3986.94
2021-07-30,1729.98,3986.90
2021-07-31,,3986.65
2021-08-01,,3986.21
2021-08-02,1732.71,3985.61
2021-08-03,1733.65,3984.87
2021-08-04,1734.60,3984.02
2021-08-05,1735.56,3983.10
2021-08-06,1736.53,3982.12
2021-08-07,,3981.12
2021-08-08,,3980.13
2021-08-09,1739.42,3979.18
2021-08-10,1740.38,3978.30
2021-08-11,1741.32,3977.52
2021-08-12,1742.26,3976.85
2021-08-13,1743.17,3976.34
2021-08-14,,3976.01
2021-08-15,,3975.88
2021-08-16,1745.81,3975.97
2021-08-17,1746.64,3976.29
2021-08-18,1747.44,3976.88
2021-08-19,1748.21,3977.73
2021-08-20,1748.95,3978.87
2021-08-21,,3980.30
2021-08-22,,3982.03
2021-08-23,1750.95,3984.05
2021-08-24,1751.54,3986.38
2021-08-25,1752.09,3989.00
2021-08-26,1752.60,3991.91
2021-08-27,1753.06,3995.10
2021-08-28,,3998.56
2021-08-29,,4002.27
2021-08-30,1754.20,4006.22
2021-08-31,1754.49,4010.39
2021-09-01,1754.73,4014.76
2021-09-02,1754.93,4019.29
2021-09-03,1755.09,4023.98
2021-09-04,,4028.78
2021-09-05,,4033.68
2021-09-06,1755.31,4038.64
2021-09-07,1755.30,4043.63
2021-09-08,1755.25,4048.63
2021-09-09,1755.17,4053.60
2021-09-10,1755.05,4058.51
2021-09-11,,4063.34
